X,Y,Type,Date,Dscrptn,PLN_AREA_C,PLN_AREA_N,REGION_C,REGION_N,RoadType,join_osm_id,join_name,join_ref,join_type,join_oneway,join_bridge,join_maxspeed,distance
30266.5155946379,33543.4300297279,Accident,22/2/2018,Accident on CTE (towards SLE) after Moulmein Rd Exit with congestion till Kramat Rd Entrance. Avoid lanes 1 and 2.,KL,KALLANG,CR,CENTRAL REGION,expressway,45249367,Moulmein Flyover,CTE,motorway,1,1,90,6.77805760469477
25097.5656133878,35625.628968257,Accident,22/2/2018,Accident on PIE (towards Changi Airport) after Eng Neo Ave. Avoid lane 1.,BT,BUKIT TIMAH,CR,CENTRAL REGION,expressway,479185549,Pan-Island Expressway,PIE,motorway,1,0,80,10.4901248485003
14942.9340604012,33859.0900070224,Accident,22/2/2018,Accident on AYE (towards Tuas) at Jurong Port Rd Entrance.,BL,BOON LAY,WR,WEST REGION,expressway,265150872,,AYE,motorway_link,1,0,,9.3707120835169
39533.8219500587,32442.1310438266,Accident,22/2/2018,Accident on ECP (towards City) after East Coast Park Carpark F3 Exit. Avoid lane 1.,BD,BEDOK,ER,EAST REGION,expressway,175992329,East Coast Parkway,ECP,motorway,1,0,90,10.4744259120187
28495.9735690427,29782.6500322591,Accident,22/2/2018,Accident in CTE Tunnel (towards SLE) after Outram Rd Exit with congestion till AYE Entrance. Avoid lane 1.,OT,OUTRAM,CR,CENTRAL REGION,expressway,45071006,Central Expressway,CTE,motorway,1,0,,2.97322446073581
25240.2705508427,35489.8199585126,Accident,22/2/2018,Accident on PIE (towards Tuas) before Eng Neo Ave with congestion till Thomson Rd Exit. Avoid lane 1.,BT,BUKIT TIMAH,CR,CENTRAL REGION,expressway,479544356,Pan-Island Expressway,PIE,motorway,1,0,80,8.00159083103829
25000.8012028955,29579.1599593479,Accident,22/2/2018,Accident on AYE (towards Tuas) after Lower Delta Rd Exit.,BM,BUKIT MERAH,CR,CENTRAL REGION,expressway,480749316,Ayer Rajah Expressway,AYE,motorway,1,0,90,7.8935784654921
37048.0234273953,31666.1989702265,Accident,22/2/2018,Accident on ECP (towards City) before Still Rd Sth Exit with congestion till East Coast Park Carpark F3 Exit. Avoid lane 1.,MP,MARINE PARADE,CR,CENTRAL REGION,expressway,226212626,East Coast Parkway,ECP,motorway,1,0,90,6.30388586482097
39175.305516835,32271.6700276179,Accident,21/2/2018,Accident on ECP (towards City) at Bedok South Ave 1 Entrance.,BD,BEDOK,ER,EAST REGION,expressway,22699689,,Exit 7B,motorway_link,1,0,,40.5174058140324
33019.0441460658,33566.5509491088,Accident,21/2/2018,Accident on PIE (towards Tuas) after KPE Exit.,GL,GEYLANG,CR,CENTRAL REGION,expressway,74628616,Pan-Island Expressway,PIE,motorway,1,0,90,7.08054537713879
19012.2355270653,33776.9299864482,Accident,21/2/2018,Accident on AYE (towards MCE) after Jurong Town Hall Entrance.,CL,CLEMENTI,WR,WEST REGION,expressway,172333904,Ayer Rajah Expressway,AYE,motorway,1,0,90,0.489210914154534
34351.4460601023,33952.7300360409,Accident,21/2/2018,Accident on PIE (towards Changi Airport) at Paya Lebar Rd Exit.,GL,GEYLANG,CR,CENTRAL REGION,expressway,160595163,,,motorway_link,1,0,,2.60960943632056
34351.4460601023,33952.7300360409,Accident,21/2/2018,Accident on PIE (towards Changi Airport) at Paya Lebar Rd Exit.,GL,GEYLANG,CR,CENTRAL REGION,expressway,160595163,,,motorway_link,1,0,,2.60960943632056
17712.4293617687,36353.2300181513,Accident,21/2/2018,Accident on PIE (towards Tuas) after Toh Guan Rd Exit.,JE,JURONG EAST,WR,WEST REGION,expressway,75406314,Pan-Island Expressway,PIE,motorway,1,0,90,9.40370195439688
26900.8602792593,34579.9300080056,Accident,21/2/2018,Accident on PIE (towards Tuas) after Stevens Rd Exit. Avoid lanes 3 and 4.,NV,NOVENA,CR,CENTRAL REGION,expressway,75525381,Pan-Island Expressway,PIE,motorway,1,0,,6.36562795039703
17699.6867632374,36353.5310440454,Accident,21/2/2018,Accident on PIE (towards Tuas) after Toh Guan Rd Exit. Avoid lane 3.,JE,JURONG EAST,WR,WEST REGION,expressway,75406313,Pan-Island Expressway,PIE,motorway,1,0,90,9.22521054773417
33816.5905389501,34795.3589476654,Accident,21/2/2018,Accident on KPE (towards ECP) after Airport Rd Entrance with congestion till Airport Rd Entrance. Avoid lane 2.,GL,GEYLANG,CR,CENTRAL REGION,expressway,49331891,Kallang-Paya Lebar Expressway,KPE,motorway,1,0,70,14.0248859951431
36655.6051989629,41281.430014572,Accident,21/2/2018,Accident on TPE (towards PIE) after Punggol Rd Exit.,SE,SENGKANG,NER,NORTH-EAST REGION,expressway,33176817,Tampines Expressway,TPE,motorway,1,0,90,7.27058317975804
36324.8145687304,39187.550951372,Accident,20/2/2018,Accident on KPE (towards ECP) after Buangkok Dr Entrance. Avoid lane 4.,PL,PAYA LEBAR,ER,EAST REGION,expressway,265150818,Kallang-Paya Lebar Expressway,KPE,motorway,1,0,80,5.99735239780468
42587.3110732228,37215.1289573273,Accident,20/2/2018,Accident on TPE (towards PIE) at Upper Changi Rd North Exit.,PR,PASIR RIS,ER,EAST REGION,expressway,173767986,,,motorway_link,1,0,,0.595002757746999
32574.3547471366,30603.6250487518,Accident,20/2/2018,Accident on MCE (towards KPE) at ECP (Changi) Exit.,ME,MARINA EAST,CR,CENTRAL REGION,expressway,244918970,East Coast Parkway,,motorway_link,1,0,,4.29575857515387
20823.758535767,34958.6290129691,Accident,20/2/2018,Accident on PIE (towards Tuas) before Clementi Ave 6 Exit.,BT,BUKIT TIMAH,CR,CENTRAL REGION,expressway,479113886,Pan-Island Expressway,PIE,motorway,1,0,90,10.2981857925615
32723.5545165938,32436.2210201469,Accident,20/2/2018,Accident on KPE (towards TPE) before Nicoll Highway Entrance. Avoid lane 3.,KL,KALLANG,CR,CENTRAL REGION,expressway,383372420,Kallang-Paya Lebar Expressway,KPE,motorway,1,0,80,10.7042460363098
34402.9855700296,33905.9100438129,Accident,20/2/2018,Accident on PIE (towards Changi Airport) after Paya Lebar Rd with congestion till Kallang. Avoid lanes 1 and 3.,GL,GEYLANG,CR,CENTRAL REGION,expressway,33793659,Paya Lebar Flyover,PIE,motorway,1,1,90,6.2065476016625
28790.0037868856,34557.7500475568,Accident,20/2/2018,Accident on PIE (towards Tuas) after Thomson Rd Exit.,NV,NOVENA,CR,CENTRAL REGION,expressway,44839216,Thomson Flyover,PIE,motorway,1,1,80,7.5714786622976
29154.3975152466,32441.368961739,Accident,20/2/2018,Accident in CTE Tunnel (towards AYE) before Cairnhill Circle Exit. Avoid lane 1.,NT,NEWTON,CR,CENTRAL REGION,expressway,15775020,Kampong Java Tunnel,CTE,motorway,1,0,,5.1942002520977
9087.05620674033,33859.9220167295,Accident,20/2/2018,Accident on Jalan Ahmad Ibrahim (towards Tuas Road) after Upper Jurong Road. Avoid left lane.,PN,PIONEER,WR,WEST REGION,expressway,44776079,Tuas Flyover,AYE,motorway,1,1,,27.7658322689888
22916.6149095311,45339.1289851806,Accident,20/2/2018,Accident on SLE (towards CTE) at Woodlands Ave 2 Entrance.,WD,WOODLANDS,NR,NORTH REGION,expressway,22774351,,,motorway_link,1,0,50,1.07947527559656
25592.1050316533,29538.2399893507,Accident,20/2/2018,Accident on AYE (towards MCE) after Alexandra.,BM,BUKIT MERAH,CR,CENTRAL REGION,expressway,480749318,Ayer Rajah Expressway,AYE,motorway,1,0,90,4.98447955073739
12826.8948371984,33884.3200348574,Accident,19/2/2018,Accident on AYE (towards MCE) after Pioneer Rd Exit. Avoid lanes 2 and 3.,BL,BOON LAY,WR,WEST REGION,expressway,44638512,Pioneer Flyover,AYE,motorway,1,1,,0.919126524144301
8820.55136431877,34217.6209803345,Accident,19/2/2018,Accident on AYE (towards MCE) at PIE(KJE) Exit.,TS,TUAS,WR,WEST REGION,expressway,479132843,Jalan Ahmad Ibrahim,,motorway_link,1,0,,0.999340883947371
27321.8687335305,34313.3089636563,Accident,19/2/2018,Accident on PIE (towards Changi Airport) after Stevens Rd Exit with congestion till Lornie Rd. Avoid lane 2.,NV,NOVENA,CR,CENTRAL REGION,expressway,479181644,Pan-Island Expressway,PIE,motorway,1,0,80,2.52672437081561
40024.1940772839,39196.449015925,Accident,19/2/2018,Accident on TPE (towards PIE) before Pasir Ris Dr 8 Exit. Avoid lanes 1 and 2.,PR,PASIR RIS,ER,EAST REGION,expressway,472098011,Tampines Expressway,TPE,motorway,1,0,90,4.83528721632256
32747.3609105346,32358.221014658,Accident,19/2/2018,Accident on KPE (towards ECP) after PIE Entrance. Avoid lane 1.,KL,KALLANG,CR,CENTRAL REGION,expressway,167091890,,Exit,motorway_link,1,0,,8.36073197253132
30606.1004722012,37667.3979851556,Accident,18/2/2018,Accident on CTE (towards SLE) at Ang Mo Kio Ave 1 Entrance.,AM,ANG MO KIO,NER,NORTH-EAST REGION,expressway,479761056,,,motorway_link,1,0,,3.37141359147989
29214.7585377107,30560.3300158549,Accident,18/2/2018,Accident on River Valley Road (towards Clemenceau Avenue) after Clarke Quay. Avoid right lane.,SR,SINGAPORE RIVER,CR,CENTRAL REGION,expressway,16894437,Chin Swee Tunnel,CTE,motorway,1,0,,30.223842401575
12766.0301914094,33885.1209639487,Accident,18/2/2018,Accident on AYE (towards MCE) after Pioneer Rd Exit. Avoid lane 3.,PN,PIONEER,WR,WEST REGION,expressway,44638512,Pioneer Flyover,AYE,motorway,1,1,,4.50076088439868
29197.1290574185,30780.0510011932,Accident,18/2/2018,Accident on Clemenceau Avenue (towards Tank Road) after River Valley Road.,MU,MUSEUM,CR,CENTRAL REGION,expressway,167648617,Chin Swee Tunnel,CTE,motorway,1,0,,16.3924433935169
31828.3447360245,42561.5510499802,Accident,17/2/2018,Accident on TPE (towards PIE) at TPE(PIE) Entrance.,SL,SELETAR,NER,NORTH-EAST REGION,expressway,349477704,Seletar Interchange,,motorway_link,1,0,,0.138463715264267
25768.5804924374,35118.9610058959,Accident,17/2/2018,Accident on PIE (towards Changi Airport) before Lornie Rd with congestion till Eng Neo Ave. Avoid lanes 1 and 6.,BT,BUKIT TIMAH,CR,CENTRAL REGION,expressway,44818682,Pan-Island Expressway,PIE,motorway,1,0,,4.68182699038405
24132.8059494821,29763.6089600811,Accident,17/2/2018,Accident on AYE (towards Tuas) after Alexandra Rd Entrance. Avoid lanes 1 and 2.,QT,QUEENSTOWN,CR,CENTRAL REGION,expressway,75007298,Ayer Rajah Expressway,AYE,motorway,1,0,90,5.16736961213943
37662.7003241498,31832.8690083339,Accident,17/2/2018,Accident on ECP (towards City) before Still Rd Sth Exit. Avoid lane 3.,BD,BEDOK,ER,EAST REGION,expressway,166853589,East Coast Parkway,ECP,motorway,1,0,90,5.49792669726792
25318.8958596113,35424.3279898695,Accident,16/2/2018,Accident on PIE (towards Changi Airport) before Lornie Rd. Avoid lane 1.,BT,BUKIT TIMAH,CR,CENTRAL REGION,expressway,479544356,Pan-Island Expressway,PIE,motorway,1,0,80,10.9431365284214
28789.1691204721,34555.3910408079,Accident,16/2/2018,Accident on PIE (towards Tuas) after Thomson Rd Exit with congestion till Toa Payoh Exit.,NV,NOVENA,CR,CENTRAL REGION,expressway,44839216,Thomson Flyover,PIE,motorway,1,1,80,5.84891953271867
20395.0572297451,32444.2700348075,Accident,16/2/2018,Accident on AYE (towards MCE) before Clementi Ave 2 Exit. Avoid lanes 3 and 4.,CL,CLEMENTI,WR,WEST REGION,expressway,479303944,Ayer Rajah Expressway,AYE,motorway,1,0,90,8.56942598287986
29783.0257392089,28394.12099973,Accident,16/2/2018,Accident on MCE (towards ECP) before Maxwell Rd Entrance. Avoid lane 4.,DT,DOWNTOWN CORE,CR,CENTRAL REGION,expressway,74607483,Ayer Rajah Expressway,AYE,motorway,1,1,,12.0339421417254
34469.2184401836,42505.6409518701,Accident,15/2/2018,Accident on TPE (towards PIE) before Sengkang Exit.,PG,PUNGGOL,NER,NORTH-EAST REGION,expressway,33298780,Tampines Expressway,TPE,motorway,1,0,90,4.8441624373474
18471.5490286267,33943.6909832876,Accident,15/2/2018,Accident on AYE (towards MCE) at Jurong Town Hall Entrance.,JE,JURONG EAST,WR,WEST REGION,expressway,173767997,,,motorway_link,1,0,50,2.89039024580151
21029.7623299953,44537.6719666258,Accident,15/2/2018,Accident on BKE (towards Woodlands) at SLE Exit.,SK,SUNGEI KADUT,NR,NORTH REGION,expressway,95840934,,,motorway_link,1,0,50,1.15728606702413
24871.6257292423,44094.1719571204,Accident,15/2/2018,Accident on SLE (towards CTE) before Mandai Ave Exit with congestion till Woodlands Ave 12 Exit. Avoid lanes 1 and 2.,MD,MANDAI,NR,NORTH REGION,expressway,480874189,Seletar Expressway,SLE,motorway,1,0,90,8.22232722065432
21373.9709051193,42443.0200456297,Accident,15/2/2018,Accident on BKE (towards PIE) after Mandai Rd Exit with congestion till Mandai Rd Exit. Avoid lanes 1 and 2.,CC,CENTRAL WATER CATCHMENT,NR,NORTH REGION,expressway,260573534,Bukit Timah Expressway,BKE,motorway,1,0,,11.1399998625751
22249.3860056248,37917.640999573,Accident,15/2/2018,Accident on BKE (towards PIE) after Dairy Farm Rd Entrance. Avoid lane 1.,CC,CENTRAL WATER CATCHMENT,NR,NORTH REGION,expressway,176204415,Bukit Timah Expressway,BKE,motorway,1,0,90,3.95289732472656
27415.1407792068,34322.1410276776,Accident,15/2/2018,Accident on PIE (towards Tuas) after Stevens Rd Exit with congestion till Toa Payoh Exit. Avoid lane 1.,NV,NOVENA,CR,CENTRAL REGION,expressway,174555661,Pan-Island Expressway,PIE,motorway,1,0,80,6.82741449766058
22793.3439292035,45324.8980266117,Accident,15/2/2018,Accident on SLE (towards BKE) at Woodlands Ave 2 Exit.,MD,MANDAI,NR,NORTH REGION,expressway,95841004,Seletar Expressway,SLE,motorway,1,1,90,0.394989233726274
21129.9311166314,44559.3280454786,Accident,15/2/2018,Accident on SLE (towards BKE) at BKE(PIE) Exit with congestion till BKE Exit.,MD,MANDAI,NR,NORTH REGION,expressway,95840931,,,motorway_link,1,0,,1.54393777210676
32120.6208575388,34305.5780044142,Accident,15/2/2018,Accident on PIE (towards Tuas) after KPE Exit with congestion till KPE Exit. Avoid lane 4.,KL,KALLANG,CR,CENTRAL REGION,expressway,37635208,Pan-Island Expressway,PIE,motorway,1,1,90,1.55399266520625
24025.0098898023,29839.800946894,Accident,15/2/2018,Accident on AYE (towards MCE) before Alexandra Rd Exit. Avoid lane 1.,QT,QUEENSTOWN,CR,CENTRAL REGION,expressway,479170650,Ayer Rajah Expressway,AYE,motorway,1,0,90,4.35977694199566
18399.11438683,41239.9299605012,Accident,14/2/2018,Accident on KJE (towards PIE) at Choa Chu Kang Dr Exit.,CK,CHOA CHU KANG,WR,WEST REGION,expressway,22733027,,,motorway_link,1,0,,3.96318135208636
9159.60139719754,33948.229945637,Accident,14/2/2018,Accident on PIE (towards Tuas) at AYE Exit.,PN,PIONEER,WR,WEST REGION,expressway,428897151,Upper Jurong Road,,motorway_link,1,0,,5.11356937433035
25750.2349226973,42445.9220504659,Accident,14/2/2018,Accident on SLE (towards CTE) before Upper Thomson Rd Exit with congestion till Woodlands Ave 2 Exit. Avoid lanes 2 and 3.,YS,YISHUN,NR,NORTH REGION,expressway,166702718,Seletar Expressway,SLE,motorway,1,0,90,5.19616099478533
18896.7125311364,41242.5780063418,Accident,14/2/2018,Accident on KJE (towards PIE) before Choa Chu Kang Dr Exit with congestion till BKE Entrance.,CK,CHOA CHU KANG,WR,WEST REGION,expressway,133983826,Kranji Expressway,KJE,motorway,1,1,90,4.25931234296395
24542.8468034475,44377.3589833238,Accident,14/2/2018,Accident on SLE (towards BKE) after Mandai Rd Exit.,MD,MANDAI,NR,NORTH REGION,expressway,480874196,Seletar Expressway,SLE,motorway,1,0,90,2.40009435000532
19939.073071636,41279.9610234011,Accident,14/2/2018,Accident on KJE (towards PIE) at Senja Rd Entrance.,BP,BUKIT PANJANG,WR,WEST REGION,expressway,262190480,Kranji Expressway,KJE,motorway,1,0,90,0.303679906576842
29832.8935176205,42040.0309938488,Accident,13/2/2018,Accident on SLE (towards BKE) after TPE Exit.,AM,ANG MO KIO,NER,NORTH-EAST REGION,expressway,465775183,Seletar Expressway,SLE,motorway,1,1,80,5.31183845514924
25607.1627601401,29532.6989570409,Accident,13/2/2018,Accident on AYE (towards Tuas) after Lower Delta Rd Exit. Avoid lane 3.,BM,BUKIT MERAH,CR,CENTRAL REGION,expressway,480749318,Ayer Rajah Expressway,AYE,motorway,1,0,90,6.9364451133456
21102.6760289724,44097.2700435739,Accident,13/2/2018,Accident on BKE (towards Woodlands) after Mandai Rd Entrance. Avoid lane 3.,SK,SUNGEI KADUT,NR,NORTH REGION,expressway,134991382,Bukit Timah Expressway,BKE,motorway,1,1,90,4.12177215750187
35689.6943734336,31260.0999988505,Accident,13/2/2018,Accident on ECP (towards Changi Airport) before Still Rd Sth Exit with congestion till Fort Rd Exit. Avoid lane 1.,MP,MARINE PARADE,CR,CENTRAL REGION,expressway,477796387,East Coast Parkway,ECP,motorway,1,0,90,6.53167927119962
35685.9079284836,34175.3279933058,Accident,13/2/2018,Accident on PIE (towards Changi Airport) before Jalan Eunos with congestion till Kallang Way. Avoid lane 1.,GL,GEYLANG,CR,CENTRAL REGION,expressway,74553778,Pan-Island Expressway,PIE,motorway,1,0,90,4.01868168901416
18068.8363523633,33993.7380431647,Accident,13/2/2018,Accident on AYE (towards Tuas) after Jurong Town Hall Exit.,JE,JURONG EAST,WR,WEST REGION,expressway,44628820,Ayer Rajah Expressway,AYE,motorway,1,0,,7.12241525834466
44378.6966877225,35554.7500174291,Accident,13/2/2018,Accident on PIE (towards Changi Airport) at ECP(City) Exit.,CH,CHANGI,ER,EAST REGION,expressway,34760645,,,motorway_link,1,0,40,0.869051247870987
30782.7382595123,39741.1090420855,Accident,13/2/2018,Accident on CTE (towards SLE) at Ang Mo Kio Ave 5 Exit.,AM,ANG MO KIO,NER,NORTH-EAST REGION,expressway,296087667,,,motorway_link,1,0,,3.81394387531969
31085.447033737,39187.5509710165,Accident,13/2/2018,Accident on Ang Mo Kio Avenue 5 (towards Ang Mo Kio Avenue 3) after CTE.,SG,SERANGOON,NER,NORTH-EAST REGION,expressway,296082315,Ang Mo Kio Avenue 3,,motorway_link,1,0,,0.547524870297447
39986.9250158704,35407.5119707878,Accident,13/2/2018,Accident on PIE (towards Tuas) after Tampines.,TM,TAMPINES,ER,EAST REGION,expressway,383384443,Pan-Island Expressway,PIE,motorway,1,0,90,1.4004245285004
26864.0118760277,29006.3109492032,Accident,13/2/2018,Accident on AYE (towards Tuas) after Lower Delta Rd Exit with congestion till Lower Delta Rd Exit. Avoid lane 2.,BM,BUKIT MERAH,CR,CENTRAL REGION,expressway,480748371,Ayer Rajah Expressway,AYE,motorway,1,0,90,2.37922883625458
23294.8590507988,45157.0699812767,Accident,13/2/2018,Accident on SLE (towards BKE) before Woodlands Ave 2 Exit with congestion till Mandai Rd Exit. Avoid lane 2.,MD,MANDAI,NR,NORTH REGION,expressway,95841007,Seletar Expressway,SLE,motorway,1,0,90,4.28044258180175
18289.743936054,33900.0310305829,Accident,13/2/2018,Accident on AYE (towards Tuas) at Jurong Town Hall Exit.,JE,JURONG EAST,WR,WEST REGION,expressway,75044377,,,motorway_link,1,0,50,3.67619684201312
30731.6354445602,41846.6599465433,Accident,13/2/2018,Accident on SLE (towards CTE) after TPE Exit. Avoid lanes 2 and 3.,SE,SENGKANG,NER,NORTH-EAST REGION,expressway,15092487,Seletar Expressway,SLE,motorway,1,0,80,5.38795392865916
29922.6795323305,42047.9220442794,Accident,12/2/2018,Accident on SLE (towards CTE) before TPE Exit. Avoid lane 1.,AM,ANG MO KIO,NER,NORTH-EAST REGION,expressway,234881026,Seletar Expressway,SLE,motorway,1,0,80,6.88578493965096
36093.9021335873,34381.171970511,Accident,12/2/2018,Accident on PIE (towards Changi Airport) at Jalan Eunos Entrance.,BD,BEDOK,ER,EAST REGION,expressway,44957260,,,motorway_link,1,0,,4.37139853027453
24547.9327853392,44394.3009911491,Accident,12/2/2018,Accident on SLE (towards CTE) before Mandai Ave Exit with congestion till BKE Entrance. Avoid lane 2.,MD,MANDAI,NR,NORTH REGION,expressway,480874183,Seletar Expressway,SLE,motorway,1,0,90,3.13841557055389
36112.8799489183,34283.2380551058,Accident,12/2/2018,Accident on PIE (towards Changi Airport) before Jalan Eunos with congestion till Kallang. Avoid lanes 2 and 3.,BD,BEDOK,ER,EAST REGION,expressway,44957272,Eunos Flyover,PIE,motorway,1,1,90,4.15976543231921
28358.3667260393,34360.8710309434,Accident,12/2/2018,Accident on PIE (towards Changi Airport) before Thomson Rd with congestion till Lornie Rd. Avoid lane 1.,NV,NOVENA,CR,CENTRAL REGION,expressway,75092722,Pan-Island Expressway,PIE,motorway,1,0,80,5.4408885911556
24501.6358240861,29610.0509848853,Accident,12/2/2018,Accident on AYE (towards Tuas) before Alexandra Rd Entrance.,BM,BUKIT MERAH,CR,CENTRAL REGION,expressway,480749319,Ayer Rajah Expressway,AYE,motorway,1,0,90,7.17838518047693
41479.1338884849,36673.8400144023,Accident,12/2/2018,Accident on PIE (towards Changi Airport) before Tampines St 31. Avoid lane 2.,TM,TAMPINES,ER,EAST REGION,expressway,174049703,Pan-Island Expressway,PIE,motorway,1,0,90,2.85262874221947
19417.5787306828,33486.6090521782,Accident,12/2/2018,Accident on AYE (towards Tuas ) after Clementi Ave 6 Exit. Avoid lane 4.,CL,CLEMENTI,WR,WEST REGION,expressway,75044384,Ayer Rajah Expressway,AYE,motorway,1,0,90,5.23173138511744
22500.6706861661,31008.9390161129,Accident,12/2/2018,Accident on AYE (towards MCE) after Buona Vista Exit. Avoid lanes 1 and 2.,QT,QUEENSTOWN,CR,CENTRAL REGION,expressway,75044392,Ayer Rajah Expressway,AYE,motorway,1,0,90,7.92736949741222
23071.9230916234,45259.3590264391,Accident,12/2/2018,Accident on SLE (towards CTE) after Woodlands Ave 2 Exit. Avoid lane 3.,WD,WOODLANDS,NR,NORTH REGION,expressway,95841007,Seletar Expressway,SLE,motorway,1,0,90,8.77666311539033
33731.8401753906,34417.5779572596,Accident,12/2/2018,Accident on KPE (towards ECP) after Airport Rd Entrance. Avoid lane 3.,GL,GEYLANG,CR,CENTRAL REGION,expressway,32605145,Kallang-Paya Lebar Expressway,KPE,motorway,1,0,70,13.3740597760272
24529.3148773688,44407.840040918,Accident,12/2/2018,Accident on SLE (towards CTE) before Mandai Ave Exit with congestion till BKE Entrance. Avoid lane 1.,MD,MANDAI,NR,NORTH REGION,expressway,480874183,Seletar Expressway,SLE,motorway,1,0,90,4.74883582208145
21987.060960898,35593.0509980245,Accident,12/2/2018,Accident on Jalan Anak Bukit (towards City) after Jalan Jurong Kechil with congestion till Jalan Jurong Kechil. Avoid right lane.,BT,BUKIT TIMAH,CR,CENTRAL REGION,expressway,22946500,,,motorway_link,1,0,,124.837437296461
29030.6836618421,30279.551014434,Accident,12/2/2018,Accident in CTE Tunnel (towards AYE) before Havelock Exit. Avoid lanes 1 and 2.,SR,SINGAPORE RIVER,CR,CENTRAL REGION,expressway,167648618,Chin Swee Tunnel,CTE,motorway,1,0,,2.78115440332227
39823.5360305531,39324.9999633011,Accident,11/2/2018,Accident on TPE (towards PIE) before Elias Rd Exit.,PR,PASIR RIS,ER,EAST REGION,expressway,472098011,Tampines Expressway,TPE,motorway,1,0,90,6.62856147713712
39175.7640979803,35243.9609976839,Accident,11/2/2018,Accident on PIE (towards Tuas) at Bedok North Ave 3 Exit.,BD,BEDOK,ER,EAST REGION,expressway,200159353,,,motorway_link,1,0,,1.69480914170186
21391.4757027708,41539.0119633955,Accident,11/2/2018,Accident on KJE (towards BKE) at BKE(Woodlands) Exit.,SK,SUNGEI KADUT,NR,NORTH REGION,expressway,462871390,,,motorway_link,1,0,50,4.56198498484343
30828.1658955112,39738.7499632941,Accident,11/2/2018,Accident on CTE (towards AYE) after AMK Ave 5 Exit.,AM,ANG MO KIO,NER,NORTH-EAST REGION,expressway,37523734,Central Expressway,CTE,motorway,1,0,90,9.83679869818637
32850.9958769037,33571.3979905089,Accident,10/2/2018,Accident on PIE (towards Tuas) after KPE Exit. Avoid lane 1.,GL,GEYLANG,CR,CENTRAL REGION,expressway,74628616,Pan-Island Expressway,PIE,motorway,1,0,90,6.45339269266998
27782.3304575145,34254.2189915051,Accident,10/2/2018,Accident on PIE (towards Tuas) after Thomson Rd Exit. Avoid lane 3.,NV,NOVENA,CR,CENTRAL REGION,expressway,174555659,Pan-Island Expressway,PIE,motorway,1,0,80,9.96830699673061
30961.44546003,38601.6289833743,Accident,10/2/2018,Accident on CTE (towards SLE) after AMK Ave 3 Exit. Avoid lane 1.,AM,ANG MO KIO,NER,NORTH-EAST REGION,expressway,445282903,Central Expressway,CTE,motorway,1,0,90,2.87922658319137
30777.4467569881,40251.1989826884,Accident,10/2/2018,Accident on CTE (towards SLE) after AMK Ave 5 Exit.,AM,ANG MO KIO,NER,NORTH-EAST REGION,expressway,37523732,Central Expressway,CTE,motorway,1,0,90,10.9214380234162
20779.6677167009,46816.8400462898,Accident,10/2/2018,Accident on BKE (towards PIE) at Woodlands Checkpoint Entrance.,SK,SUNGEI KADUT,NR,NORTH REGION,expressway,15770698,Bukit Timah Expressway,BKE,motorway_link,1,1,,7.21951827056604
27415.752880488,34325.4799451947,Accident,10/2/2018,Accident on PIE (towards Changi Airport) after Stevens Rd Exit.,NV,NOVENA,CR,CENTRAL REGION,expressway,479181644,Pan-Island Expressway,PIE,motorway,1,0,80,5.7991309538588
21425.8291154393,41504.6720373716,Accident,10/2/2018,Accident on BKE (towards Woodlands) after KJE Exit. Avoid lane 1.,SK,SUNGEI KADUT,NR,NORTH REGION,expressway,115843657,Bukit Timah Expressway,BKE,motorway,1,0,90,4.01393254494192
30493.969041496,33699.5700083796,Accident,10/2/2018,Accident on CTE (towards AYE) after Balestier Rd Exit. Avoid lane 4.,KL,KALLANG,CR,CENTRAL REGION,expressway,479299124,Central Expressway,CTE,motorway,1,0,90,8.44919849754987
30548.5564605181,33740.8200204919,Accident,10/2/2018,Accident on CTE (towards AYE) at Balestier Rd Exit.,KL,KALLANG,CR,CENTRAL REGION,expressway,479299124,Central Expressway,CTE,motorway,1,0,90,3.57662193415334
33518.8410432698,33935.354978524,Accident,10/2/2018,Accident on KPE (towards TPE) after Sims Ave Entrance. Avoid lane 2.,GL,GEYLANG,CR,CENTRAL REGION,expressway,32605145,Kallang-Paya Lebar Expressway,KPE,motorway,1,0,70,0.645360729137586
29561.1984916573,28326.4490202864,Accident,9/2/2018,Accident on AYE (towards MCE) after Keppel Rd Entrance. Avoid lane 4.,DT,DOWNTOWN CORE,CR,CENTRAL REGION,expressway,74607483,Ayer Rajah Expressway,AYE,motorway,1,1,,0.283656307780409
35826.3661787993,34205.2380461408,Accident,9/2/2018,Accident on PIE (towards Changi Airport) before Jalan Eunos. Avoid lane 1.,GL,GEYLANG,CR,CENTRAL REGION,expressway,479615344,Pan-Island Expressway,PIE,motorway,1,0,90,1.58602980326278
15888.4264087644,37453.4999831953,Accident,9/2/2018,Accident on PIE (towards Tuas) after Jurong East Ave 2 with congestion till Jurong Town Hall Rd. Avoid lanes 2 and 3.,JW,JURONG WEST,WR,WEST REGION,expressway,479561510,Pan-Island Expressway,PIE,motorway,1,0,90,3.86215653324428
29405.2325055146,33018.6409891434,Accident,9/2/2018,Accident in CTE Tunnel (towards AYE) before Bukit Timah Rd Exit. Avoid lane 4.,KL,KALLANG,CR,CENTRAL REGION,expressway,45248305,Kampong Java Flyover,CTE,motorway,1,1,,4.80685171521888
32844.1336497473,29445.6050382859,Accident,9/2/2018,Accident on MCE (towards ECP) before ECP (Changi) Exit. Avoid lane 5.,ME,MARINA EAST,CR,CENTRAL REGION,expressway,265150827,Marina Coastal Expressway,MCE,motorway,1,0,90,7.78942789745082
28723.4422217085,29926.0510430966,Accident,9/2/2018,Accident in CTE Tunnel (towards AYE) before Outram Rd Exit.,OT,OUTRAM,CR,CENTRAL REGION,expressway,480746656,Central Expressway,CTE,motorway,1,0,,4.62125361260606
22222.2239590411,31198.9390114304,Accident,9/2/2018,Accident on AYE (towards MCE) before Buona Vista Exit.,QT,QUEENSTOWN,CR,CENTRAL REGION,expressway,479166725,Ayer Rajah Expressway,AYE,motorway,1,0,90,6.42428375622072
18896.2674852436,41245.5390002244,Accident,9/2/2018,Accident on KJE (towards PIE) before Choa Chu Kang Dr Exit. Avoid lane 1.,CK,CHOA CHU KANG,WR,WEST REGION,expressway,133983826,Kranji Expressway,KJE,motorway,1,1,90,7.04482010057104
20889.7759880506,31940.2889941407,Accident,9/2/2018,Accident on AYE (towards MCE) after Clementi Ave 2 Exit with congestion till Jurong Town Hall Exit. Avoid lane 1.,CL,CLEMENTI,WR,WEST REGION,expressway,479166007,Ayer Rajah Expressway,AYE,motorway,1,0,90,2.72251691951182
33897.8525831518,33835.0199459751,Accident,9/2/2018,Accident on PIE (towards Tuas) after Paya Lebar Rd with congestion till Paya Lebar Rd. Avoid lane 1.,GL,GEYLANG,CR,CENTRAL REGION,expressway,479173807,Pan-Island Expressway,PIE,motorway,1,0,90,10.8257703043601
39848.8767366702,39315.3009989077,Accident,9/2/2018,Accident on TPE (towards PIE) before Elias Rd Exit with congestion till Pasir Ris Dr 12 Exit. Avoid lane 1.,PR,PASIR RIS,ER,EAST REGION,expressway,472098011,Tampines Expressway,TPE,motorway,1,0,90,3.35284030000021
33955.7524331901,42558.4219802724,Accident,9/2/2018,Accident on TPE (towards SLE) after Punggol Rd Exit. Avoid lane 1.,SE,SENGKANG,NER,NORTH-EAST REGION,expressway,33298776,Punggol Bridge,TPE,motorway,1,1,90,5.09435374006287
35195.8451682758,34072.1289992518,Accident,8/2/2018,Accident on PIE (towards Changi Airport) after Paya Lebar with congestion till Kallang Way. Avoid lane 1.,GL,GEYLANG,CR,CENTRAL REGION,expressway,479170044,Pan-Island Expressway,PIE,motorway,1,0,90,7.67818776736561
25534.6397902937,35233.1909617581,Accident,8/2/2018,Accident on PIE (towards Changi Airport) before Lornie Rd.,BT,BUKIT TIMAH,CR,CENTRAL REGION,expressway,44839245,Pan-Island Expressway,PIE,motorway,1,0,,10.1109847577051
30867.8954908784,36621.359054144,Accident,8/2/2018,Accident on CTE (towards AYE) before PIE(Changi) Exit with congestion till Yio Chu Kang Rd Exit. Avoid lane 4.,SG,SERANGOON,NER,NORTH-EAST REGION,expressway,477026785,Central Expressway,CTE,motorway,1,0,90,2.2255291382107
25439.6949245999,42947.9690229273,Accident,8/2/2018,Accident on SLE (towards BKE) after Upper Thomson Rd Exit with congestion till Upper Thomson Rd Exit.,CC,CENTRAL WATER CATCHMENT,NR,NORTH REGION,expressway,480875791,Seletar Expressway,SLE,motorway,1,0,90,0.189540465599787
18204.7734373764,41233.1020412137,Accident,8/2/2018,Accident on KJE (towards PIE) after Choa Chu Kang Dr Exit with congestion till BKE Entrance. Avoid lane 1.,CK,CHOA CHU KANG,WR,WEST REGION,expressway,480888452,Kranji Expressway,KJE,motorway,1,0,90,7.96190587738998
19548.5530624744,41200.1209802262,Accident,8/2/2018,Accident on KJE (towards BKE) after Woodlands Rd Exit.,BP,BUKIT PANJANG,WR,WEST REGION,expressway,133983828,Kranji Expressway,KJE,motorway,1,0,90,5.59805248315993
13085.1378122578,37636.0900097113,Accident,8/2/2018,Accident on PIE (towards Tuas) before Jalan Bahar with congestion till KJE. Avoid lane 4.,JW,JURONG WEST,WR,WEST REGION,expressway,479564862,Pan-Island Expressway,PIE,motorway,1,0,90,10.3681419164231
21261.4863797546,43024.1209970791,Accident,8/2/2018,Accident on BKE (towards PIE) after Mandai Rd Exit with congestion till Mandai Rd Exit.,CC,CENTRAL WATER CATCHMENT,NR,NORTH REGION,expressway,75351782,Bukit Timah Expressway,BKE,motorway,1,0,90,8.74431519444836
32091.4624828907,34334.2699856848,Accident,8/2/2018,Accident on PIE (towards Tuas) at CTE(CITY) Exit.,KL,KALLANG,CR,CENTRAL REGION,expressway,174552510,Woodsville Flyover,PIE,motorway,1,1,90,2.49237687896693
34364.2304055274,42519.7110283378,Accident,7/2/2018,Accident on TPE (towards PIE) before Sengkang Exit.,PG,PUNGGOL,NER,NORTH-EAST REGION,expressway,33298780,Tampines Expressway,TPE,motorway,1,0,90,3.70576289396027
36679.3082138535,31566.8910134467,Accident,7/2/2018,Accident on ECP (towards Changi Airport) after Still Rd Sth Exit with congestion till Tg Katong Rd Exit.,MP,MARINE PARADE,CR,CENTRAL REGION,expressway,226212626,East Coast Parkway,ECP,motorway,1,0,90,6.94660955858006
32928.294195058,29991.5039868718,Accident,7/2/2018,Accident on MCE (towards AYE) after ECP (City) Entrance. Avoid lane 1.,ME,MARINA EAST,CR,CENTRAL REGION,expressway,253945387,Marina Coastal Expressway,MCE,motorway,1,0,80,9.23376481771463
32292.7894343018,34104.4999646606,Accident,6/2/2018,Accident on PIE (towards Tuas) after KPE Exit with congestion till Paya Lebar Rd. Avoid lane 2.,KL,KALLANG,CR,CENTRAL REGION,expressway,479616336,Pan-Island Expressway,PIE,motorway,1,0,90,8.19561005649738
22055.5610627371,38694.9689965714,Accident,6/2/2018,Accident on BKE (towards PIE) at Dairy Farm Rd Exit. Dairy Farm Rd Exit closed.,CC,CENTRAL WATER CATCHMENT,NR,NORTH REGION,expressway,21959102,,,motorway_link,1,0,50,2.31695885337419
24721.391798347,44241.8910327642,Accident,6/2/2018,Accident on SLE (towards CTE) before Mandai Ave Exit with congestion till BKE Entrance. Avoid lane 1.,MD,MANDAI,NR,NORTH REGION,expressway,480874183,Seletar Expressway,SLE,motorway,1,0,90,8.98291228766833
28489.29663594,41907.2620275813,Accident,6/2/2018,Accident on SLE (towards BKE) before Lentor Ave Exit. Avoid lane 2.,AM,ANG MO KIO,NER,NORTH-EAST REGION,expressway,74896358,Seletar Expressway,SLE,motorway,1,0,80,9.13501958236518
16964.4568425114,40189.140966024,Accident,6/2/2018,Accident on KJE (towards PIE) at Sungei Tengah Rd Exit.,CK,CHOA CHU KANG,WR,WEST REGION,expressway,134208688,,,motorway_link,1,0,,2.02224983558749
20886.9715009835,31941.979977093,Accident,6/2/2018,Accident on AYE (towards MCE) after Clementi Ave 2 Exit with congestion till Jurong Town Hall Exit. Avoid lane 2.,CL,CLEMENTI,WR,WEST REGION,expressway,479166007,Ayer Rajah Expressway,AYE,motorway,1,0,90,2.17394520424001
24165.9490879616,44684.6909894012,Accident,6/2/2018,Accident on SLE (towards CTE) before Mandai Ave Exit. Avoid lane 4.,MD,MANDAI,NR,NORTH REGION,expressway,234873073,Seletar Expressway,SLE,motorway,1,0,90,4.29124019356487
25432.59491837,42953.8280173693,Accident,6/2/2018,Accident on SLE (towards BKE) after Upper Thomson Rd Exit.,CC,CENTRAL WATER CATCHMENT,NR,NORTH REGION,expressway,480875791,Seletar Expressway,SLE,motorway,1,0,90,1.39534236094356
25971.1684112614,41986.9689875231,Accident,6/2/2018,Accident on SLE (towards BKE) after Upper Thomson Rd Exit. Avoid lane 1.,CC,CENTRAL WATER CATCHMENT,NR,NORTH REGION,expressway,37583932,Seletar Expressway,SLE,motorway,1,0,90,6.7566886806148
13339.4954278794,37969.9880271114,Accident,5/2/2018,"Accident on PIE (towards Changi Airport) before KJE. Avoid lanes 1, 2 and 3.",WC,WESTERN WATER CATCHMENT,WR,WEST REGION,expressway,480886467,Pan-Island Expressway,PIE,motorway,1,0,90,11.8042086599349
37226.1185923435,40640.8280366193,Accident,5/2/2018,Accident on TPE (towards PIE) before KPE Exit with congestion till Sengkang Exit. Avoid lane 1.,PR,PASIR RIS,ER,EAST REGION,expressway,360771246,Tampines Expressway,TPE,motorway,1,0,90,2.51963006713782
23512.3689248516,36824.8979641636,Accident,5/2/2018,Accident on BKE (towards PIE) at PIE(Tuas) Exit.,BT,BUKIT TIMAH,CR,CENTRAL REGION,expressway,106093206,Pan-Island Expressway,PIE,motorway_link,1,0,50,1.24036616698072
24726.0303656125,35974.7890043626,Accident,4/2/2018,Accident on PIE (towards Tuas) after Eng Neo Ave with congestion till Eng Neo Ave. Avoid lanes 2 and 3.,BT,BUKIT TIMAH,CR,CENTRAL REGION,expressway,44839236,Pan-Island Expressway,PIE,motorway,1,0,80,13.3618773052386
34393.7040122509,33904.422043252,Accident,4/2/2018,Accident on PIE (towards Changi Airport) after Paya Lebar Rd with congestion till Paya Lebar Rd. Avoid lane 1.,GL,GEYLANG,CR,CENTRAL REGION,expressway,33793659,Paya Lebar Flyover,PIE,motorway,1,1,90,5.6924394064266
29016.2445135098,31570.4799920782,Accident,4/2/2018,Accident in CTE Tunnel (towards SLE) before Kramat Rd Entrance. Avoid lane 3.,OR,ORCHARD,CR,CENTRAL REGION,expressway,223868456,Central Expressway,CTE,motorway,1,0,,5.21768063875914
9861.98053278355,33819.9609860235,Accident,3/2/2018,Accident on AYE (towards MCE) after PIE Entrance.,PN,PIONEER,WR,WEST REGION,expressway,44776086,Ayer Rajah Expressway,AYE,motorway,1,0,,5.68410584419473
33057.7175211459,33564.6799514041,Accident,3/2/2018,Accident on PIE (towards Tuas) after KPE Exit with congestion till Jalan Eunos. Avoid lane 2.,GL,GEYLANG,CR,CENTRAL REGION,expressway,74628616,Pan-Island Expressway,PIE,motorway,1,0,90,0.846914813360239
21580.3162666716,31572.3690216184,Accident,3/2/2018,Accident on AYE (towards MCE) after Clementi Rd Exit with congestion till Clementi Ave 6 Exit. Avoid lane 1.,QT,QUEENSTOWN,CR,CENTRAL REGION,expressway,479382143,Ayer Rajah Expressway,AYE,motorway,1,0,90,10.4733097051414
37934.8061540751,40088.8520094946,Accident,3/2/2018,"Accident on TPE (towards PIE) after KPE Exit with congestion till Punggol Rd Exit. Avoid lanes 1, 2 and 4.",PL,PAYA LEBAR,ER,EAST REGION,expressway,74549066,Tampines Expressway,TPE,motorway,1,0,90,8.68324670769344
24943.2146180442,43988.1479523735,Accident,3/2/2018,Accident on SLE (towards CTE) after Mandai Ave Exit.,CC,CENTRAL WATER CATCHMENT,NR,NORTH REGION,expressway,480874189,Seletar Expressway,SLE,motorway,1,0,90,6.3995456397477
32856.4602035476,33572.6210446488,Accident,3/2/2018,Accident on PIE (towards Tuas) after KPE Exit with congestion till Jalan Eunos. Avoid lanes 1 and 2.,GL,GEYLANG,CR,CENTRAL REGION,expressway,74628616,Pan-Island Expressway,PIE,motorway,1,0,90,8.18051963079591
26983.3591623659,34524.1210029524,Accident,3/2/2018,Accident on PIE (towards Tuas) after Stevens Rd Exit with congestion till Thomson Rd Exit. Avoid lane 4.,NV,NOVENA,CR,CENTRAL REGION,expressway,75525381,Pan-Island Expressway,PIE,motorway,1,0,,3.23758510304417
21149.5256036982,31806.2300026722,Accident,3/2/2018,Accident on AYE (towards MCE) after Clementi Ave 2 Exit with congestion till Clementi Ave 2 Exit. Avoid lanes 3 and 4.,QT,QUEENSTOWN,CR,CENTRAL REGION,expressway,479166367,Ayer Rajah Expressway,AYE,motorway,1,0,90,5.68198397832045
23592.4061155084,36717.0389994417,Accident,3/2/2018,Accident on BKE (towards PIE) at PIE(Tuas) Exit.,BT,BUKIT TIMAH,CR,CENTRAL REGION,expressway,106093206,Pan-Island Expressway,PIE,motorway_link,1,0,50,3.50120282661507
21870.5713922253,39377.319981383,Accident,3/2/2018,Accident on BKE (towards PIE) at Bukit Panjang Rd Entrance.,CC,CENTRAL WATER CATCHMENT,NR,NORTH REGION,expressway,135030060,,,motorway_link,1,0,,1.57807653759174
21904.3329488098,35795.1719790797,Accident,3/2/2018,Accident on PIE (towards Tuas) after Clementi Rd Exit. Avoid lane 4.,BT,BUKIT TIMAH,CR,CENTRAL REGION,expressway,44839309,Bukit Timah Flyover,PIE,motorway,1,1,90,1.75925566949882
23638.5153359747,36855.3979932517,Accident,3/2/2018,Accident on PIE (towards Changi Airport) after BKE. Avoid lane 1.,CC,CENTRAL WATER CATCHMENT,NR,NORTH REGION,expressway,479547679,Pan-Island Expressway,PIE,motorway,1,0,,1.21557181867185
44440.4645316753,35705.5310452832,Accident,2/2/2018,Accident on ECP (towards City) at PIE Exit.,CH,CHANGI,ER,EAST REGION,expressway,62272692,,,motorway_link,1,0,40,3.64658423637697
23150.1289610757,37119.109034906,Accident,2/2/2018,Accident on BKE (towards Woodlands) after PIE Entrance.,CC,CENTRAL WATER CATCHMENT,NR,NORTH REGION,expressway,478875227,Bukit Timah Expressway,BKE,motorway,1,0,90,9.71618680077139
26903.887372494,34582.9609637944,Accident,2/2/2018,Accident on PIE (towards Changi Airport) after Lornie Rd with congestion till Lornie Rd. Avoid lane 1.,NV,NOVENA,CR,CENTRAL REGION,expressway,159090943,Pan-Island Expressway,PIE,motorway,1,0,,8.39982519886997
23702.9942737244,44932.8980155374,Accident,2/2/2018,Accident on SLE (towards BKE) after Woodlands Ave 12 Exit. Avoid lane 2.,MD,MANDAI,NR,NORTH REGION,expressway,37584632,Seletar Expressway,SLE,motorway,1,1,90,1.63231753309316
24659.306158683,44293.1479723529,Accident,2/2/2018,Accident on SLE (towards CTE) before Mandai Ave Exit with congestion till Woodlands Ave 12 Exit. Avoid lane 1.,MD,MANDAI,NR,NORTH REGION,expressway,480874196,Seletar Expressway,SLE,motorway,1,0,90,9.15704997805333
24863.7355450807,44092.3519889417,Accident,2/2/2018,Accident on SLE (towards BKE) before Mandai Rd Exit.,MD,MANDAI,NR,NORTH REGION,expressway,480874196,Seletar Expressway,SLE,motorway,1,0,90,5.16524918846409
23068.9339883167,37189.9609472091,Accident,2/2/2018,Accident on BKE (towards Woodlands) after PIE Entrance. Avoid lane 1.,BP,BUKIT PANJANG,WR,WEST REGION,expressway,44839300,Bukit Timah Expressway,BKE,motorway,1,0,90,10.6993714492135
25719.0567522422,35131.269946817,Accident,2/2/2018,Accident on PIE (towards Changi Airport) before Lornie Rd. Avoid lane 1.,BT,BUKIT TIMAH,CR,CENTRAL REGION,expressway,44818682,Pan-Island Expressway,PIE,motorway,1,0,,7.45212254754156
19059.1849903347,35708.8710302139,Accident,2/2/2018,Accident on PIE (towards Tuas) before Toh Guan Rd Exit with congestion till Clementi Ave 6 Exit. Avoid lane 3.,BK,BUKIT BATOK,WR,WEST REGION,expressway,479555642,Pan-Island Expressway,PIE,motorway,1,0,90,6.63663896134457
21499.2532190145,40932.4610203172,Accident,2/2/2018,Accident on BKE (towards Woodlands) before KJE Exit. Avoid lane 1.,BP,BUKIT PANJANG,WR,WEST REGION,expressway,75351818,Bukit Timah Expressway,BKE,motorway,1,0,90,2.21126886915956
30870.5873020354,28092.8569543019,Accident,2/2/2018,Accident on MCE (towards ECP) before Central Blvd Exit. Avoid lane 2.,SV,STRAITS VIEW,CR,CENTRAL REGION,expressway,533685902,Marina Coastal Expressway,MCE,motorway,1,0,,9.82068792429064
19490.9833632739,33407.1409840491,Accident,2/2/2018,Accident on AYE (towards MCE) before Clementi Ave 6 Exit.,CL,CLEMENTI,WR,WEST REGION,expressway,479116007,Ayer Rajah Expressway,AYE,motorway,1,0,90,9.94146289583295
36736.7629811044,34551.1989857304,Accident,2/2/2018,Accident on PIE (towards Tuas) after Bedok North Rd.,BD,BEDOK,ER,EAST REGION,expressway,74675126,Pan-Island Expressway,PIE,motorway,1,0,90,4.78549252321729
39823.8256704694,39318.4409927375,Accident,2/2/2018,Accident on TPE (towards SLE) after Tampines Rd Exit with congestion till Tampines Ave 7 Exit.,TM,TAMPINES,ER,EAST REGION,expressway,176204511,Tampines Expressway,TPE,motorway,1,0,90,4.47924540908423
18457.603369096,33914.5699926314,Accident,2/2/2018,Accident on AYE (towards MCE) after Jurong Town Hall Exit with congestion till Yuan Ching Entrance. Avoid lane 3.,JE,JURONG EAST,WR,WEST REGION,expressway,44628816,Ayer Rajah Expressway,AYE,motorway,1,0,,2.96912256100887
29727.4048677327,42044.6989718693,Accident,2/2/2018,Accident on SLE (towards CTE) before TPE Exit with congestion till Lentor Ave Exit.,AM,ANG MO KIO,NER,NORTH-EAST REGION,expressway,465775182,Seletar Expressway,SLE,motorway,1,0,80,8.3506167160683
44167.4442848376,35216.6089706624,Accident,2/2/2018,Accident on ECP (towards Changi Airport) before PIE Exit. Avoid lane 3.,TM,TAMPINES,ER,EAST REGION,expressway,166741193,East Coast Parkway,ECP,motorway,1,0,90,2.20383399838379
41040.7683233933,38693.737953455,Accident,2/2/2018,Accident on TPE (towards PIE) after Pasir Ris Dr 8 Exit with congestion till Pasir Ris Dr 12 Exit.,PR,PASIR RIS,ER,EAST REGION,expressway,176204510,Tampines Expressway,TPE,motorway,1,0,90,6.95295250508509
32881.5678671854,33538.6989873626,Accident,2/2/2018,Accident on PIE (towards Tuas) at KPE(ECP) Exit.,GL,GEYLANG,CR,CENTRAL REGION,expressway,34122802,Kallang Bahru Flyover,,motorway_link,1,0,,0.0543868281150551
37297.3786807458,40561.5119625962,Accident,2/2/2018,Accident on TPE (towards PIE) after KPE Exit. Avoid lane 1.,PR,PASIR RIS,ER,EAST REGION,expressway,360771246,Tampines Expressway,TPE,motorway,1,0,90,5.71025862600522
37287.0732016674,40569.0899711555,Accident,2/2/2018,Accident on TPE (towards PIE) after KPE Exit with congestion till Punggol Rd Exit.,PR,PASIR RIS,ER,EAST REGION,expressway,360771246,Tampines Expressway,TPE,motorway,1,0,90,7.81294645292714
24106.949118034,36632.2190531579,Accident,2/2/2018,Accident on PIE (towards Changi Airport) before Eng Neo Ave. Avoid lane 1.,CC,CENTRAL WATER CATCHMENT,NR,NORTH REGION,expressway,75525375,Pan-Island Expressway,PIE,motorway,1,0,80,2.60555733983261
24103.3099046418,36627.6720439795,Accident,2/2/2018,Accident on PIE (towards Tuas) before BKE. Avoid lane 1.,BT,BUKIT TIMAH,CR,CENTRAL REGION,expressway,75525375,Pan-Island Expressway,PIE,motorway,1,0,80,8.41673131913738
21081.7700235546,44683.1480396972,Accident,2/2/2018,Accident on SLE (towards BKE) at BKE(Woodlands) Exit.,SK,SUNGEI KADUT,NR,NORTH REGION,expressway,95840932,,,motorway_link,1,0,,4.41777776097907
42935.4188728445,36482.378977448,Accident,1/2/2018,Accident on PIE (towards Changi Airport) after TPE. Avoid lane 3.,CH,CHANGI,ER,EAST REGION,expressway,174402286,Pan-Island Expressway,PIE,motorway,1,0,90,4.09489015647548
30854.8634717624,36629.5309547608,Accident,1/2/2018,Accident on CTE (towards AYE) before PIE(Changi) Exit.,SG,SERANGOON,NER,NORTH-EAST REGION,expressway,174552484,Central Expressway,CTE,motorway,1,0,90,7.08103997835252
30970.7410574853,36304.0700171265,Accident,1/2/2018,Accident on CTE (towards AYE) after PIE(Changi) Exit. Avoid lane 4.,SG,SERANGOON,NER,NORTH-EAST REGION,expressway,37553776,Braddell Flyover,CTE,motorway,1,1,90,5.91741718971491
35482.2163990136,31180.2210513987,Accident,1/2/2018,Accident on ECP (towards Changi Airport) after Tg Katong Rd Exit.,MP,MARINE PARADE,CR,CENTRAL REGION,expressway,477796387,East Coast Parkway,ECP,motorway,1,0,90,8.51953726001363
9263.44547768298,33768.3090474628,Accident,1/2/2018,Accident on AYE (towards Tuas) at PIE Exit.,PN,PIONEER,WR,WEST REGION,expressway,479756046,Ayer Rajah Expressway,AYE,motorway,1,0,,21.8586456185127
30420.9075531987,33645.9879824999,Accident,1/2/2018,Accident on CTE (towards SLE) after Moulmein Rd Exit. Avoid lane 4.,KL,KALLANG,CR,CENTRAL REGION,expressway,45249367,Moulmein Flyover,CTE,motorway,1,1,90,3.92742313298505
42957.2668965594,36447.1990236405,Accident,1/2/2018,Accident on PIE (towards Changi Airport) after TPE.,CH,CHANGI,ER,EAST REGION,expressway,74662603,Pan-Island Expressway,PIE,motorway,1,0,90,5.36144697582609
21076.0186059611,31832.8199907664,Accident,1/2/2018,Accident on AYE (towards Tuas) before Clementi Ave 2 Exit with congestion till Buona Vista exit. Avoid lanes 2 and 3.,QT,QUEENSTOWN,CR,CENTRAL REGION,expressway,479166369,Ayer Rajah Expressway,AYE,motorway,1,0,90,5.42094507206966
19120.2189975975,33733.6210236237,Accident,1/2/2018,Accident on AYE (towards MCE) after Jurong Town Hall Entrance.,CL,CLEMENTI,WR,WEST REGION,expressway,172333904,Ayer Rajah Expressway,AYE,motorway,1,0,90,7.77339341428947
26449.3104520541,41790.5200504704,Accident,1/2/2018,Accident on SLE (towards CTE) after Upper Thomson Rd Exit.,YS,YISHUN,NR,NORTH REGION,expressway,37583929,Seletar Expressway,SLE,motorway,1,1,90,3.57734406371362
25069.9991150454,43684.0780520283,Accident,1/2/2018,Accident on SLE (towards CTE) after Mandai Ave Exit.,CC,CENTRAL WATER CATCHMENT,NR,NORTH REGION,expressway,480874192,Seletar Expressway,SLE,motorway,1,0,90,6.36863513292924
37070.3714961703,34706.3199531917,Accident,1/2/2018,Accident on PIE (towards Tuas) after Bedok North Rd with congestion till Tampines. Avoid lane 1.,BD,BEDOK,ER,EAST REGION,expressway,74675126,Pan-Island Expressway,PIE,motorway,1,0,90,5.82582644810435
36296.0827690261,39099.2070401866,Accident,1/2/2018,Accident on KPE (towards TPE) after Buangkok Dr Exit.,PL,PAYA LEBAR,ER,EAST REGION,expressway,265150818,Kallang-Paya Lebar Expressway,KPE,motorway,1,0,80,4.97768782159736
30861.5409702471,36614.0590532348,Accident,1/2/2018,Accident on CTE (towards AYE) before PIE(Changi) Exit. Avoid lanes 1 and 2.,SG,SERANGOON,NER,NORTH-EAST REGION,expressway,477026785,Central Expressway,CTE,motorway,1,0,90,6.3085394548139
34468.9181285541,42499.1089476562,Accident,1/2/2018,Accident on TPE (towards SLE) after Punggol Rd Exit.,SE,SENGKANG,NER,NORTH-EAST REGION,expressway,391007746,Tampines Expressway,TPE,motorway,1,0,90,11.0376069749006
21188.0062680242,43532.8979922116,Accident,1/2/2018,Accident on Mandai Road near BKE/Mandai Road Junction.,MD,MANDAI,NR,NORTH REGION,expressway,176174725,,,motorway_link,1,0,,12.7323838092595
31200.3398882942,35494.2889684774,Accident,31/1/2018,Accident on CTE (towards SLE) after Braddell Rd Exit. Avoid lane 1.,TP,TOA PAYOH,CR,CENTRAL REGION,expressway,464149350,Central Expressway,CTE,motorway,1,0,90,6.68877168981043
25905.2993448281,35074.550951377,Accident,31/1/2018,Accident on PIE (towards Tuas) after Adam Rd Exit. Avoid lane 1.,BT,BUKIT TIMAH,CR,CENTRAL REGION,expressway,44818682,Pan-Island Expressway,PIE,motorway,1,0,,8.00852053877114
31010.8946604994,34233.5699971215,Accident,31/1/2018,Accident on CTE (towards SLE) after Jalan Bahagia Exit. Avoid lane 1.,NV,NOVENA,CR,CENTRAL REGION,expressway,482108853,Central Expressway,CTE,motorway,1,0,90,3.44341303081476
25977.6519477602,29380.1799872212,Accident,31/1/2018,Accident on AYE (towards Tuas) after Lower Delta Rd Exit with congestion till Lower Delta Rd Exit.,BM,BUKIT MERAH,CR,CENTRAL REGION,expressway,480749009,Ayer Rajah Expressway,AYE,motorway,1,0,90,5.77079671847489
25899.8350674361,35079.7109701627,Accident,31/1/2018,Accident on PIE (towards Changi Airport) after Lornie Rd with congestion till Eng Neo Ave. Avoid lane 1.,BT,BUKIT TIMAH,CR,CENTRAL REGION,expressway,44818682,Pan-Island Expressway,PIE,motorway,1,0,,5.21316386435484
30515.36996693,33717.4689570229,Accident,31/1/2018,Accident on CTE (towards AYE) after Balestier Rd Exit with congestion till Braddell Rd/Lor Chuan Exit. Avoid lanes 3 and 4.,KL,KALLANG,CR,CENTRAL REGION,expressway,479299124,Central Expressway,CTE,motorway,1,0,90,7.84532074236501
26984.7502697,34520.1209517363,Accident,31/1/2018,Accident on PIE (towards Tuas) after Stevens Rd Exit.,NV,NOVENA,CR,CENTRAL REGION,expressway,75525381,Pan-Island Expressway,PIE,motorway,1,0,,0.912963205444336
26065.4444729081,34998.7189563566,Accident,31/1/2018,Accident on PIE (towards Changi Airport) after Lornie Rd.,BT,BUKIT TIMAH,CR,CENTRAL REGION,expressway,44818682,Pan-Island Expressway,PIE,motorway,1,0,,5.10764265018412
26080.6242931795,34987.5000326609,Accident,31/1/2018,Accident on PIE (towards Changi Airport) after Lornie Rd.,BT,BUKIT TIMAH,CR,CENTRAL REGION,expressway,44818682,Pan-Island Expressway,PIE,motorway,1,0,,7.78447707497664
8422.04477733832,34560.2810222861,Accident,31/1/2018,Accident on AYE (towards MCE) before PIE Exit. Avoid lane 4.,TS,TUAS,WR,WEST REGION,expressway,175845926,Ayer Rajah Expressway,AYE,motorway,1,0,,3.35001617144827
28754.8655127917,31968.3199646961,Accident,31/1/2018,Accident in CTE Tunnel (towards AYE) before Orchard Rd Exit. Avoid lanes 2 and 3.,NT,NEWTON,CR,CENTRAL REGION,expressway,16894448,Central Expressway,CTE,motorway,1,0,,0.745559076833286
23579.4738290679,36685.4100291208,Accident,30/1/2018,Accident on PIE (towards Tuas) at BKE(Woodlands) Exit.,BT,BUKIT TIMAH,CR,CENTRAL REGION,expressway,106093208,Bukit Timah Expressway,BKE,motorway_link,1,0,50,2.41610624070045
23302.7380862856,45158.8910069187,Accident,30/1/2018,Accident on SLE (towards CTE) before Woodlands Ave 12 Exit.,WD,WOODLANDS,NR,NORTH REGION,expressway,95840962,Seletar Expressway,SLE,motorway,1,0,90,7.02112854688509
21109.4165215662,43968.7620109326,Accident,30/1/2018,Accident on BKE (towards Woodlands) after Mandai Rd Entrance.,SK,SUNGEI KADUT,NR,NORTH REGION,expressway,176204413,Bukit Timah Expressway,BKE,motorway,1,0,90,8.91193507684711
33860.0917965351,33837.7379588063,Accident,30/1/2018,Accident on PIE (towards Changi Airport) before Paya Lebar Rd with congestion till Kallang. Avoid lane 1.,GL,GEYLANG,CR,CENTRAL REGION,expressway,479173806,Pan-Island Expressway,PIE,motorway,1,0,90,7.22495991319109
22651.6223081946,30809.6499837629,Accident,30/1/2018,Accident on AYE (towards Tuas) at North Buona vista Entrance.,QT,QUEENSTOWN,CR,CENTRAL REGION,expressway,479305358,Ayer Rajah Expressway,,motorway_link,1,0,,1.88816512792335
40043.0024696172,39180.679974521,Accident,30/1/2018,Accident on TPE (towards PIE) before Pasir Ris Dr 8 Exit. Avoid lane 1.,PR,PASIR RIS,ER,EAST REGION,expressway,472098011,Tampines Expressway,TPE,motorway,1,0,90,4.25741658558222
20788.0050372438,46498.8790513181,Accident,30/1/2018,Accident on BKE (towards Woodlands) before Woodlands Checkpoint. Avoid lane 2.,SK,SUNGEI KADUT,NR,NORTH REGION,expressway,44361304,Bukit Timah Expressway,BKE,motorway_link,1,0,,5.35748731400589
42569.7164728905,37005.2379522588,Accident,29/1/2018,Accident on Upper Changi Road East (toward City) after Upper Changi Road North. Avoid left lane.,TM,TAMPINES,ER,EAST REGION,expressway,34403373,Pan-Island Expressway,,motorway_link,1,0,,15.6140795582315
36680.5657805949,31567.6090154922,Accident,29/1/2018,Accident on ECP (towards Changi Airport) after Still Rd Sth Exit with congestion till Tg Katong Rd Exit.,MP,MARINE PARADE,CR,CENTRAL REGION,expressway,226212626,East Coast Parkway,ECP,motorway,1,0,90,6.60053378488484
22109.8633973496,45336.6990240788,Accident,29/1/2018,Accident on SLE (towards BKE) between Woodlands Ave 12 Exit and Woodlands Ave 2 Exit with congestion till Upper Thomson Rd Exit.,MD,MANDAI,NR,NORTH REGION,expressway,95841005,Seletar Expressway,SLE,motorway,1,0,90,5.31345584318191
34321.2221538364,30895.3690065765,Accident,28/1/2018,Accident on ECP (towards Changi Airport) before Tg Katong Rd Exit.,MP,MARINE PARADE,CR,CENTRAL REGION,expressway,39477474,East Coast Parkway,ECP,motorway,1,0,90,5.77254268911266
35394.7145102602,37167.7379931973,Accident,28/1/2018,Accident on KPE (towards TPE) after Airport Rd Entrance. Avoid lane 3.,PL,PAYA LEBAR,ER,EAST REGION,expressway,32605145,Kallang-Paya Lebar Expressway,KPE,motorway,1,0,70,11.4297871798368
30622.8961752632,37434.0780177638,Accident,28/1/2018,Accident on CTE (towards AYE) after AMK Ave 1 Exit.,SG,SERANGOON,NER,NORTH-EAST REGION,expressway,369728432,Central Expressway,CTE,motorway,1,0,90,4.023975808658
30774.4726948788,34005.5509464026,Accident,28/1/2018,Accident on CTE (towards AYE) after PIE(Jurong) Exit with congestion till PIE(Jurong) Exit. Avoid lane 1.,KL,KALLANG,CR,CENTRAL REGION,expressway,167813076,Central Expressway,CTE,motorway,1,0,90,9.20819958671486
16813.8045884805,36940.8399666514,Accident,28/1/2018,Accident on PIE (towards Tuas) after Jurong Town Hall Rd. Avoid lane 3.,JE,JURONG EAST,WR,WEST REGION,expressway,44817060,Pan-Island Expressway,PIE,motorway,1,0,90,5.19548396986682
26451.0950653402,34788.1210075784,Accident,28/1/2018,Accident on PIE (towards Changi Airport) after Lornie Rd. Avoid lanes 1 and 2.,NV,NOVENA,CR,CENTRAL REGION,expressway,479183221,Pan-Island Expressway,PIE,motorway,1,0,,6.75767911060235
34402.3957326345,33905.9100301428,Accident,27/1/2018,Accident on PIE (towards Changi Airport) after Paya Lebar Rd with congestion till CTE. Avoid lane 1.,GL,GEYLANG,CR,CENTRAL REGION,expressway,33793659,Paya Lebar Flyover,PIE,motorway,1,1,90,6.08147884573229
30177.7420695715,34619.039011205,Accident,27/1/2018,Accident on PIE (towards Changi Airport) after Thomson Rd with congestion till Lornie Rd.,NV,NOVENA,CR,CENTRAL REGION,expressway,479178856,Pan-Island Expressway,PIE,motorway,1,0,80,10.2294533199678
30346.3906483075,34606.0120234323,Accident,27/1/2018,Accident on PIE (towards Changi Airport) after Thomson Rd. Avoid lane 1.,TP,TOA PAYOH,CR,CENTRAL REGION,expressway,479178856,Pan-Island Expressway,PIE,motorway,1,0,80,7.39361543729119
32767.30997281,29381.852026688,Accident,27/1/2018,Accident on MCE (towards ECP) before ECP (Changi) Exit. Avoid lanes 3 and 4.,ME,MARINA EAST,CR,CENTRAL REGION,expressway,265150827,Marina Coastal Expressway,MCE,motorway,1,0,90,12.7781625144753
36642.1011405981,34509.3200356187,Accident,27/1/2018,Accident on PIE (towards Changi Airport) after Jalan Eunos. Avoid lanes 1 and 2.,BD,BEDOK,ER,EAST REGION,expressway,74675113,Pan-Island Expressway,PIE,motorway,1,0,90,3.2981121408791
19408.2825604026,35514.2110203423,Accident,26/1/2018,Accident on PIE (towards Tuas) before Toh Guan Rd Exit.,CL,CLEMENTI,WR,WEST REGION,expressway,44819830,Pan-Island Expressway,PIE,motorway,1,0,90,8.08623112986051
23230.9295158501,36767.4689452787,Accident,26/1/2018,Accident on PIE (towards Tuas) after BKE.,BT,BUKIT TIMAH,CR,CENTRAL REGION,expressway,479547677,Pan-Island Expressway,PIE,motorway,1,0,80,0.14529817505723
30763.2700520239,36888.262006669,Accident,26/1/2018,Accident on CTE (towards AYE) before Braddell Rd/Lor Chuan Exit.,SG,SERANGOON,NER,NORTH-EAST REGION,expressway,174552484,Central Expressway,CTE,motorway,1,0,90,7.15122459297765
33816.5905389501,34795.3589476654,Accident,26/1/2018,Accident on KPE (towards ECP) after Airport Rd Entrance. Avoid lane 1.,GL,GEYLANG,CR,CENTRAL REGION,expressway,49331891,Kallang-Paya Lebar Expressway,KPE,motorway,1,0,70,14.0248859951431
18036.2813319061,41143.4409509812,Accident,26/1/2018,Accident on KJE (towards PIE) after Choa Chu Kang Dr Exit with congestion till Woodlands Rd Exit. Avoid lane 2.,CK,CHOA CHU KANG,WR,WEST REGION,expressway,480888452,Kranji Expressway,KJE,motorway,1,0,90,5.01138657950466
31206.1199421518,35141.3399482111,Accident,25/1/2018,"Accident on CTE (towards SLE) after PIE(Changi) Exit with congestion till Moulmein Rd Exit. Avoid lanes 1, 2 and 3.",TP,TOA PAYOH,CR,CENTRAL REGION,expressway,406854699,Whampoa Flyover,CTE,motorway,1,0,90,1.53149178958985
24659.9365868678,36045.9489573896,Accident,25/1/2018,Accident on PIE (towards Tuas) after Eng Neo Ave with congestion till Stevens Rd Exit. Avoid lanes 3 and 4.,BT,BUKIT TIMAH,CR,CENTRAL REGION,expressway,75525375,Pan-Island Expressway,PIE,motorway,1,0,80,13.1520434734572
36781.1977192323,41129.9690499808,Accident,25/1/2018,Accident on TPE (towards SLE) after Tampines Flyover.,SE,SENGKANG,NER,NORTH-EAST REGION,expressway,33176817,Tampines Expressway,TPE,motorway,1,0,90,2.54057651001934
28871.8443469357,42010.3199651619,Accident,25/1/2018,Accident on SLE (towards CTE) after Lentor Ave Exit with congestion till Lentor Ave Exit. Avoid lanes 1 and 2.,YS,YISHUN,NR,NORTH REGION,expressway,109695787,Seletar Expressway,SLE,motorway,1,0,80,0.937233539911616
20331.4229314977,32506.641017249,Accident,25/1/2018,Accident on AYE (towards Tuas) before  Clementi Ave 6 Exit with congestion till Clementi Rd Exit. Avoid lane 4.,CL,CLEMENTI,WR,WEST REGION,expressway,173913048,Ayer Rajah Expressway,AYE,motorway,1,0,90,2.19402291613963
29154.6347008608,42052.659980574,Accident,25/1/2018,Accident on SLE (towards CTE) after Lentor Ave Exit. Avoid lane 4.,YS,YISHUN,NR,NORTH REGION,expressway,109695787,Seletar Expressway,SLE,motorway,1,0,80,0.269666210158125
32359.9765082677,34020.7619867647,Accident,25/1/2018,Accident on PIE (towards Tuas) after KPE Exit. Avoid lane 1.,KL,KALLANG,CR,CENTRAL REGION,expressway,37635207,Pan-Island Expressway,PIE,motorway,1,0,90,10.5461350039804
12896.8381431769,37455.2299801255,Accident,25/1/2018,Accident on PIE (towards Changi Airport) at Jalan Bahar Exit.,WC,WESTERN WATER CATCHMENT,WR,WEST REGION,expressway,44786111,,,motorway_link,1,0,,0.810341617424484
28878.8462774928,34595.8200294752,Accident,25/1/2018,Accident on PIE (towards Tuas) after Thomson Rd Exit with congestion till Toa Payoh Exit. Avoid lane 1.,TP,TOA PAYOH,CR,CENTRAL REGION,expressway,44839216,Thomson Flyover,PIE,motorway,1,1,80,5.57531052476997
30673.5754970058,42008.781013712,Accident,24/1/2018,Accident on SLE (towards BKE) after TPE Exit. Avoid lanes 1 and 2.,AM,ANG MO KIO,NER,NORTH-EAST REGION,expressway,21309187,Seletar Expressway,SLE,motorway,1,0,80,4.25010116298862
31569.0199448212,34596.0000099217,Accident,24/1/2018,Accident on PIE (towards Tuas) after CTE(City) Exit. Avoid lane 2.,KL,KALLANG,CR,CENTRAL REGION,expressway,479175247,Pan-Island Expressway,PIE,motorway,1,0,90,3.50038952883263
20932.5562148693,34993.738044059,Accident,24/1/2018,Accident on PIE (towards Tuas) before Clementi Ave 6 Exit. Avoid lanes 1 and 2.,BT,BUKIT TIMAH,CR,CENTRAL REGION,expressway,479551983,Pan-Island Expressway,PIE,motorway,1,0,90,10.8777412105987
38800.9911255653,32240.1699537082,Accident,24/1/2018,Accident on ECP (towards Changi Airport) after Siglap Rd Exit. Avoid lane 3.,BD,BEDOK,ER,EAST REGION,expressway,174262751,East Coast Parkway,ECP,motorway,1,0,90,9.34564254717923
20298.1753031052,34721.9689691465,Accident,24/1/2018,Accident on Clementi Avenue 6 (towards Clementi Loop) after PIE. Avoid left lane.,CL,CLEMENTI,WR,WEST REGION,expressway,22892486,Clementi Avenue 6,,motorway_link,1,0,,8.05381416956351
33878.6669046979,34843.5619791643,Accident,24/1/2018,Accident on KPE (towards ECP) after Airport Rd Entrance. Avoid lane 1.,GL,GEYLANG,CR,CENTRAL REGION,expressway,49331891,Kallang-Paya Lebar Expressway,KPE,motorway,1,0,70,11.6334815230616
25265.3786980255,43193.9299672232,Accident,23/1/2018,Accident on SLE (towards BKE) after Upper Thomson Rd Exit.,CC,CENTRAL WATER CATCHMENT,NR,NORTH REGION,expressway,480875789,Seletar Expressway,SLE,motorway,1,0,90,6.50127664318205
29159.5578080059,30613.720957821,Accident,23/1/2018,Accident on Clemenceau Avenue near Clemenceau Avenue/River Valley Road Junction.,MU,MUSEUM,CR,CENTRAL REGION,expressway,167648617,Chin Swee Tunnel,CTE,motorway,1,0,,30.0083587628553
25376.7745219839,43032.6909628305,Accident,23/1/2018,Accident on SLE (towards CTE) after Mandai Ave Exit with congestion till Woodlands Ave 12 Exit.,CC,CENTRAL WATER CATCHMENT,NR,NORTH REGION,expressway,480874192,Seletar Expressway,SLE,motorway,1,0,90,6.59028301005735
31235.3534553296,30547.2400253033,Accident,23/1/2018,Accident on ECP (towards City) at Rochor Rd Exit.,DT,DOWNTOWN CORE,CR,CENTRAL REGION,expressway,14458223,Rochor Road,Exit 15,motorway_link,1,1,,3.91614207766291
20411.5053295819,32419.8910204075,Accident,23/1/2018,Accident on AYE (towards Tuas) after Clementi Ave 2 Exit with congestion till Buona Vista exit.,CL,CLEMENTI,WR,WEST REGION,expressway,479303944,Ayer Rajah Expressway,AYE,motorway,1,0,90,5.63702000669944
44005.8764003148,34979.6909451861,Accident,23/1/2018,Accident on ECP (towards Changi Airport) before PIE Exit. Avoid lane 3.,TM,TAMPINES,ER,EAST REGION,expressway,166741193,East Coast Parkway,ECP,motorway,1,0,90,1.89890267982266
27845.409547169,34231.3009797271,Accident,22/1/2018,Accident on PIE (towards Tuas) after Thomson Rd Exit. Avoid lane 3.,NV,NOVENA,CR,CENTRAL REGION,expressway,479181295,Pan-Island Expressway,PIE,motorway,1,0,80,7.61740414026872
39599.8611220954,32460.9490091252,Accident,22/1/2018,Accident on ECP (towards City) after East Coast Park Carpark F3 Exit. Avoid lane 1.,BD,BEDOK,ER,EAST REGION,expressway,166807222,East Coast Parkway,ECP,motorway,1,0,90,10.5051588836108
42228.962331455,38025.7889749094,Accident,22/1/2018,Accident on TPE (towards SLE) after Tampines Ave 7 Exit. Avoid lane 3.,TM,TAMPINES,ER,EAST REGION,expressway,44509043,,,motorway_link,1,0,50,0.862105073612049
12411.9153146815,33883.3590240173,Accident,22/1/2018,Accident on AYE (towards Tuas) before Pioneer Rd Entrance. Avoid lane 1.,PN,PIONEER,WR,WEST REGION,expressway,44638513,Ayer Rajah Expressway,AYE,motorway,1,0,,5.78346737038486
16298.1154286288,37235.6989562096,Accident,22/1/2018,Accident on PIE (towards Tuas) at Jurong East Ave 1 Entrance. Jurong East Ave 1 Entrance closed.,JE,JURONG EAST,WR,WEST REGION,expressway,22885255,,,motorway_link,1,0,,1.82830584129149
16438.2376715501,37199.6089545958,Accident,22/1/2018,Accident on PIE (towards Tuas) at Jurong East Ave 1 Exit. Jurong East Ave 1 Exit closed.,JE,JURONG EAST,WR,WEST REGION,expressway,22885254,,,motorway_link,1,0,,5.07451692725128
11518.2147184667,36014.6479689822,Accident,22/1/2018,Accident on PIE (towards Changi Airport) before Pioneer Rd Nth. Avoid lane 1.,WC,WESTERN WATER CATCHMENT,WR,WEST REGION,expressway,479568571,Pan-Island Expressway,PIE,motorway,1,0,,6.20263840155897
33677.3590624972,34106.8589961775,Accident,22/1/2018,Accident on KPE (towards TPE) after Sims Ave Entrance with congestion till PIE Exit. Avoid lane 3.,GL,GEYLANG,CR,CENTRAL REGION,expressway,32605145,Kallang-Paya Lebar Expressway,KPE,motorway,1,0,70,14.4072099073991
26375.7834765264,41820.5119576114,Accident,22/1/2018,Accident on SLE (towards CTE) at Upper Thomson Rd Exit.,YS,YISHUN,NR,NORTH REGION,expressway,37583929,Seletar Expressway,SLE,motorway,1,1,90,4.46722371413201
30565.5334972216,42507.9489651506,Accident,22/1/2018,Accident on SLE (towards CTE) at Seletar West Link Entrance.,SE,SENGKANG,NER,NORTH-EAST REGION,expressway,349477767,Seletar West Link,,motorway_link,1,0,,4.02821527128775
16667.5097236117,37074.4300267262,Accident,20/1/2018,Accident on PIE (towards Tuas) after Jurong Town Hall Rd. Avoid lane 3.,JE,JURONG EAST,WR,WEST REGION,expressway,251603194,Pan-Island Expressway,PIE,motorway,1,0,90,9.14104996098244
