Type,Latitude,Longitude,Date,Time,Descriptions
Accident,1.321301695,103.9051718,12/2/18,11:47:00 PM,Accident on Jalan Eunos (towards Hougang) after Changi Road.
Accident,1.396540918,103.8505954,12/2/18,11:03:00 PM,Accident on SLE (towards CTE) before TPE Exit. Avoid lane 1.
Heavy Traffic,1.363692144,103.8593236,12/2/18,9:27:00 PM,Heavy Traffic on CTE (towards SLE) between Braddell Rd Exit and AMK Ave 3 Exit.
Heavy Traffic,1.320616494,103.8550651,12/2/18,8:38:00 PM,Heavy Traffic on CTE (towards SLE) after Moulmein Rd Exit.
Accident,1.327204552,103.9060467,12/2/18,8:34:00 PM,Accident on PIE (towards Changi Airport) at Jalan Eunos Entrance.
Heavy Traffic,1.391158795,103.7736851,12/2/18,7:11:00 PM,Heavy Traffic on KJE (towards BKE) at BKE(Woodlands) Exit.
Heavy Traffic,1.308413288,103.9325804,12/2/18,7:10:00 PM,Heavy Traffic on ECP (towards City) between East Coast Park Carpark H Exit and Still Rd Sth Exit.
Heavy Traffic,1.324024419,103.7438368,12/2/18,6:50:00 PM,Heavy Traffic on AYE (towards MCE) at Jurong Town Hall Rd Exit.
Heavy Traffic,1.295647687,103.8909078,12/2/18,6:39:00 PM,Heavy Traffic on ECP (towards Changi Airport) between Fort Rd Exit and Tg Katong Rd Exit.
Heavy Traffic,1.349009638,103.7958432,12/2/18,6:07:00 PM,Heavy Traffic on PIE (towards Tuas) at BKE(Woodlands) Exit.
Heavy Traffic,1.383812641,103.738183,12/2/18,6:05:00 PM,Heavy Traffic on KJE (towards BKE) at Choa Chu Kang Way Exit.
Heavy Traffic,1.421768152,103.7958172,12/2/18,5:52:00 PM,Heavy Traffic on SLE (towards BKE) at Woodlands Ave 12 Exit.
Heavy Traffic,1.328635108,103.8669211,12/2/18,5:49:00 PM,Heavy Traffic on PIE (towards Tuas) between Jalan Eunos and CTE(City) Exit.
Heavy Traffic,1.337871909,103.8960975,12/2/18,5:48:00 PM,Heavy Traffic on KPE (towards TPE) at Bartley Rd East Exit.
Heavy Traffic,1.320190809,103.8115459,12/2/18,5:41:00 PM,Heavy Traffic on Farrer Road (towards Lornie) after Empress Road.
Heavy Traffic,1.416962309,103.8031655,12/2/18,5:32:00 PM,Heavy Traffic on SLE (towards CTE) between Woodlands Ave 2 Exit and Mandai Ave Exit.
Heavy Traffic,1.285957458,103.7979073,12/2/18,5:29:00 PM,Heavy Traffic on AYE (towards MCE) between Buona Vista Exit and Alexandra Rd Exit.
Heavy Traffic,1.326184503,103.9057212,12/2/18,5:19:00 PM,Heavy Traffic on PIE (towards Changi Airport) between CTE and Jalan Eunos.
Heavy Traffic,1.309900924,103.7647888,12/2/18,5:13:00 PM,Heavy Traffic on AYE (towards MCE) between Yuan Ching Entrance and Clementi Ave 2 Exit.
Heavy Traffic,1.333872763,103.814116,12/2/18,5:10:00 PM,Heavy Traffic on PIE (towards Changi Airport) at Lornie Rd Exit.
Heavy Traffic,1.363848498,103.859389,12/2/18,5:01:00 PM,Heavy Traffic on CTE (towards SLE) between Braddell Rd Exit and AMK Ave 3 Exit.
Accident,1.417760579,103.8022987,12/2/18,4:55:00 PM,Accident on SLE (towards CTE) before Mandai Ave Exit with congestion till BKE Entrance. Avoid lane 2.
Heavy Traffic,1.391098455,103.7736469,12/2/18,4:43:00 PM,Heavy Traffic on KJE (towards BKE) at BKE(Woodlands) Exit.
Heavy Traffic,1.305116795,103.9231955,12/2/18,4:41:00 PM,Heavy Traffic on ECP (towards Changi Airport) between Fort Rd Exit and Marine Vista Exit.
Accident,1.326318868,103.9062172,12/2/18,3:59:00 PM,Accident on PIE (towards Changi Airport) before Jalan Eunos with congestion till Kallang. Avoid lanes 2 and 3.
Accident,1.327022031,103.8365387,12/2/18,3:57:00 PM,Accident on PIE (towards Changi Airport) before Thomson Rd with congestion till Lornie Rd. Avoid lane 1.
Accident,1.284057096,103.8018844,12/2/18,3:08:00 PM,Accident on AYE (towards Tuas) before Alexandra Rd Entrance.
Accident,1.347936674,103.9544369,12/2/18,2:02:00 PM,Accident on PIE (towards Changi Airport) before Tampines St 31. Avoid lane 2.
Accident,1.319114314,103.7562011,12/2/18,12:20:00 PM,Accident on AYE (towards Tuas ) after Clementi Ave 6 Exit. Avoid lane 4.
Accident,1.296707857,103.7839047,12/2/18,9:45:00 AM,Accident on AYE (towards MCE) after Buona Vista Exit. Avoid lanes 1 and 2.
Heavy Traffic,1.28761431,103.7949038,12/2/18,9:42:00 AM,Heavy Traffic on AYE (towards Tuas) at Normanton Park Exit.
Accident,1.425583632,103.7890353,12/2/18,9:36:00 AM,Accident on SLE (towards CTE) after Woodlands Ave 2 Exit. Avoid lane 3.
Accident,1.327534331,103.8848223,12/2/18,9:26:00 AM,Accident on KPE (towards ECP) after Airport Rd Entrance. Avoid lane 3.
Heavy Traffic,1.357542726,103.9626717,12/2/18,8:34:00 AM,Heavy Traffic on TPE (towards PIE) between Pasir Ris Dr 8 Exit and PIE Exit.
Heavy Traffic,1.350884005,103.9627058,12/2/18,8:10:00 AM,Heavy Traffic on PIE (towards Changi Airport) at TPE Exit.
Heavy Traffic,1.313290786,103.8043399,12/2/18,8:10:00 AM,Heavy Traffic on Farrer Road (towards Queensway) between MacRitchie viaduct and Farrer Flyover.
Heavy Traffic,1.346997289,103.6917869,12/2/18,8:02:00 AM,Heavy Traffic on PIE (towards Tuas) at Pioneer Rd North Exit.
Accident,1.314366131,103.9357461,12/2/18,7:59:00 AM,Accident on Upper East Coast Road (towards City) after Bayshore Road with congestion till Bedok South Avenue 3. Avoid right lane.
Heavy Traffic,1.372155762,103.9086091,12/2/18,7:57:00 AM,Heavy Traffic on KPE (towards ECP) between Buangkok Dr Exit and Buangkok Dr Entrance.
Heavy Traffic,1.323540223,103.7197021,12/2/18,7:56:00 AM,Heavy Traffic on AYE (towards Tuas) between Jurong Town Hall Exit and Jurong Port Rd Exit.
Accident,1.410737847,103.7794495,12/2/18,7:50:00 AM,Accident on Mandai Road (towards Mandai Lake Road) after Jalan Ulu Sembawang with congestion.
Heavy Traffic,1.387082657,103.9133671,12/2/18,7:48:00 AM,Heavy Traffic on TPE (towards PIE) after Punggol Rd Exit.
Accident,1.347398525,103.9843428,12/2/18,7:48:00 AM,Accident on Airport Boulevard (towards South Perimeter Road) after T3 Departure Drive.
Heavy Traffic,1.324126344,103.8117362,12/2/18,7:46:00 AM,Heavy Traffic on Dunearn Road (towards City) after Hillcrest Road.
Heavy Traffic,1.425264929,103.7768756,12/2/18,7:37:00 AM,Heavy Traffic on SLE (towards BKE) before BKE Exit
Accident,1.417883019,103.8021314,12/2/18,7:26:00 AM,Accident on SLE (towards CTE) before Mandai Ave Exit with congestion till BKE Entrance. Avoid lane 1.
Heavy Traffic,1.32607894,103.6658579,12/2/18,7:20:00 AM,Heavy Traffic on PIE (towards Tuas) at AYE Exit.
Heavy Traffic,1.333866088,103.813959,12/2/18,7:19:00 AM,Heavy Traffic on PIE (towards Changi Airport) at Lornie Rd Exit.
Heavy Traffic,1.326679182,103.8279244,12/2/18,7:17:00 AM,Heavy Traffic on PIE (towards Changi Airport) between Eng Neo Ave and Stevens Rd Exit.
Accident,1.338164833,103.7792888,12/2/18,7:14:00 AM,Accident on Jalan Anak Bukit (towards City) after Jalan Jurong Kechil with congestion till Jalan Jurong Kechil. Avoid right lane.
Heavy Traffic,1.320710274,103.8750128,12/2/18,7:11:00 AM,Heavy Traffic on PIE (towards Tuas) between Paya Lebar Rd and KPE Exit.
Heavy Traffic,1.422916787,103.7733979,12/2/18,7:08:00 AM,Heavy Traffic on SLE (towards BKE) at BKE(PIE) Exit.
Heavy Traffic,1.345698182,103.8598653,12/2/18,7:00:00 AM,Heavy Traffic on CTE (towards AYE) at Braddell Rd Exit.
Accident,1.290111997,103.8425797,12/2/18,1:59:00 AM,Accident in CTE Tunnel (towards AYE) before Havelock Exit. Avoid lanes 1 and 2.
Heavy Traffic,1.323504638,103.8578813,11/2/18,9:28:00 PM,Heavy Traffic on CTE (towards SLE) between Bukit Timah Rd Entrance and Jalan Bahagia Exit.
Accident,1.321761523,103.7100995,11/2/18,8:46:00 PM,Accident on Jalan Boon Lay (towards Jurong Pier Road) after Jalan Ahmad Ibrahim.
Accident,1.371913477,103.9395614,11/2/18,7:08:00 PM,Accident on TPE (towards PIE) before Elias Rd Exit.
Heavy Traffic,1.301950149,103.8346126,11/2/18,4:26:00 PM,Heavy Traffic on Orchard Turn (towards Orchard Boulevard) after Orchard Link.
Accident,1.335006323,103.9337392,11/2/18,3:17:00 PM,Accident on PIE (towards Tuas) at Bedok North Ave 3 Exit.
Accident,1.349158851,103.7702479,11/2/18,8:29:00 AM,Accident on Upper Bukit Timah Road (towards Woodlands) after Old Jurong Road. Avoid left lane.
Accident,1.391937829,103.7739358,11/2/18,8:16:00 AM,Accident on KJE (towards BKE) at BKE(Woodlands) Exit.
Accident,1.375657521,103.8587317,11/2/18,4:55:00 AM,Accident on CTE (towards AYE) after AMK Ave 5 Exit.
Heavy Traffic,1.395667176,103.9048381,10/2/18,10:39:00 PM,Heavy Traffic on TPE (towards SLE) at Punggol Rd Exit.
Heavy Traffic,1.36769602,103.8606754,10/2/18,10:12:00 PM,Heavy Traffic on CTE (towards SLE) between Merchant Rd Exit and AMK Ave 3 Exit.
Accident,1.275529996,103.7941429,10/2/18,8:30:00 PM,Accident on West Coast Highway (towards City) at W Coast Hwy Flyover.
Heavy Traffic,1.318676378,103.8519181,10/2/18,6:42:00 PM,Heavy Traffic on CTE (towards AYE) between PIE(Changi) Exit and Moulmein Rd Exit.
Heavy Traffic,1.327508852,103.8616804,10/2/18,5:51:00 PM,Heavy Traffic on CTE (towards SLE) between Moulmein Rd Exit and PIE(Changi) Exit.
Heavy Traffic,1.421351455,103.7967664,10/2/18,5:45:00 PM,Heavy Traffic on SLE (towards BKE) at Woodlands Ave 12 Exit.
Heavy Traffic,1.323905625,103.8724942,10/2/18,5:44:00 PM,Heavy Traffic on PIE (towards Tuas) between Paya Lebar Rd and KPE Exit.
Heavy Traffic,1.433931231,103.7685721,10/2/18,4:34:00 PM,Heavy Traffic on BKE (towards Woodlands) before Woodlands Rd Exit.
Heavy Traffic,1.337241702,103.8372086,10/2/18,3:40:00 PM,Heavy Traffic on Thomson Road (towards SLE) after Andrew Road.
Accident,1.319881934,103.8769073,10/2/18,3:39:00 PM,Accident on PIE (towards Tuas) after KPE Exit. Avoid lane 1.
Accident,1.326057509,103.8313627,10/2/18,3:39:00 PM,Accident on PIE (towards Tuas) after Thomson Rd Exit. Avoid lane 3.
Accident,1.327747246,103.8137125,10/2/18,3:30:00 PM,Accident on Adam Road (towards Braddell) after Bt Timah Road. Avoid left lane.
Heavy Traffic,1.421725656,103.7958342,10/2/18,3:27:00 PM,Heavy Traffic on SLE (towards BKE) at Woodlands Ave 12 Exit.
Accident,1.365373793,103.8599292,10/2/18,2:28:00 PM,Accident on CTE (towards SLE) after AMK Ave 3 Exit. Avoid lane 1.
Heavy Traffic,1.307167047,103.8410184,10/2/18,2:22:00 PM,Heavy Traffic in CTE Tunnel (towards AYE) at Cairnhill Circle Exit.
Heavy Traffic,1.320213245,103.8800165,10/2/18,2:10:00 PM,Heavy Traffic on PIE (towards Tuas) between Paya Lebar Rd and KPE Exit.
Accident,1.380291931,103.858276,10/2/18,2:04:00 PM,Accident on CTE (towards SLE) after AMK Ave 5 Exit.
Heavy Traffic,1.333883189,103.8138928,10/2/18,12:34:00 PM,Heavy Traffic on PIE (towards Changi Airport) at Lornie Rd Exit.
Accident,1.439668426,103.7684369,10/2/18,11:07:00 AM,Accident on BKE (towards PIE) at Woodlands Checkpoint Entrance.
Accident,1.326701963,103.8280688,10/2/18,10:15:00 AM,Accident on PIE (towards Changi Airport) after Stevens Rd Exit.
Heavy Traffic,1.333813629,103.8144256,10/2/18,8:50:00 AM,Heavy Traffic on PIE (towards Changi Airport) at Lornie Rd Exit.
Accident,1.391627279,103.7742445,10/2/18,6:21:00 AM,Accident on BKE (towards Woodlands) after KJE Exit. Avoid lane 1.
Accident,1.321041359,103.8557282,10/2/18,5:08:00 AM,Accident on CTE (towards AYE) after Balestier Rd Exit. Avoid lane 4.
Accident,1.321414405,103.8562187,10/2/18,5:07:00 AM,Accident on CTE (towards AYE) at Balestier Rd Exit.
Accident,1.323173318,103.8829083,10/2/18,2:18:00 AM,Accident on KPE (towards TPE) after Sims Ave Entrance. Avoid lane 2.
Accident,1.30442637,103.8366334,10/2/18,12:19:00 AM,Accident on Bideford Road (towards Cairnhill Road) after Orchard Link. Avoid right lane.
Accident,1.272448806,103.8473465,9/2/18,11:59:00 PM,Accident on AYE (towards MCE) after Keppel Rd Entrance. Avoid lane 4.
Accident,1.325613539,103.9036427,9/2/18,11:04:00 PM,Accident on PIE (towards Changi Airport) before Jalan Eunos. Avoid lane 1.
Heavy Traffic,1.436590698,103.7684629,9/2/18,10:25:00 PM,Heavy Traffic on BKE (towards Woodlands) at Woodlands Rd Exit.
Heavy Traffic,1.325206841,103.8597081,9/2/18,10:18:00 PM,Heavy Traffic on CTE (towards SLE) between Kramat Rd Entrance and Jalan Bahagia Exit.
Heavy Traffic,1.365282824,103.8598753,9/2/18,10:09:00 PM,Heavy Traffic on CTE (towards SLE) between PIE(Changi) Exit and AMK Ave 3 Exit.
Heavy Traffic,1.395272203,103.905465,9/2/18,10:01:00 PM,Heavy Traffic on TPE (towards SLE) at Punggol Rd Exit.
Accident,1.328639594,103.9499771,9/2/18,9:03:00 PM,Accident on Upper Changi Road East (toward Changi) after Bedok Road. Avoid left lane.
Accident,1.354988211,103.7244883,9/2/18,8:58:00 PM,Accident on PIE (towards Tuas) after Jurong East Ave 2 with congestion till Jurong Town Hall Rd. Avoid lanes 2 and 3.
Accident,1.289648097,103.8608722,9/2/18,8:24:00 PM,Accident on Temasek Avenue near Bayfront Avenue/Raffles Avenue Junction.
Heavy Traffic,1.3373569,103.837225,9/2/18,6:51:00 PM,Heavy Traffic on Thomson Road (towards SLE) between PIE and Andrew Road.
Heavy Traffic,1.38492353,103.9150981,9/2/18,6:51:00 PM,Heavy Traffic on TPE (towards SLE) between Tampines Ave 7 Exit and Tampines Flyover.
Heavy Traffic,1.325981262,103.8711054,9/2/18,6:29:00 PM,Heavy Traffic on PIE (towards Changi Airport) at Kallang Way Exit.
Heavy Traffic,1.289393643,103.842344,9/2/18,6:28:00 PM,Heavy Traffic in CTE Tunnel (towards AYE) at Havelock Road Exit.
Heavy Traffic,1.322616837,103.7480766,9/2/18,6:26:00 PM,Heavy Traffic on AYE (towards Tuas) at Jurong Town Hall Exit.
Heavy Traffic,1.328975484,103.8662543,9/2/18,6:25:00 PM,Heavy Traffic on PIE (towards Changi Airport) between Eng Neo Ave and Kallang Way.
Heavy Traffic,1.342840172,103.6424572,9/2/18,6:23:00 PM,Heavy Traffic on AYE (towards Tuas) before Tuas West Dr Exit.
Heavy Traffic,1.272881726,103.8488493,9/2/18,6:22:00 PM,Heavy Traffic on AYE (towards MCE) between Lower Delta Rd Exit and Keppel Rd Entrance.
Heavy Traffic,1.308901574,103.9343122,9/2/18,6:22:00 PM,Heavy Traffic on ECP (towards City) between East Coast Park Carpark H Exit and Still Rd Sth Exit.
Heavy Traffic,1.347741328,103.7892432,9/2/18,5:51:00 PM,Heavy Traffic on PIE (towards Changi Airport) between Bukit Batok Rd and BKE.
Heavy Traffic,1.302818081,103.9151029,9/2/18,5:51:00 PM,Heavy Traffic on ECP (towards Changi Airport) between Fort Rd Exit and Still Rd Sth Exit.
Heavy Traffic,1.416860397,103.8032807,9/2/18,5:50:00 PM,Heavy Traffic on SLE (towards CTE) between BKE Entrance and Mandai Ave Exit.
Heavy Traffic,1.344174995,103.8774317,9/2/18,5:48:00 PM,Heavy Traffic on Bartley Road (towards Braddell) between Upper Paya Lebar Road and Mount Vernon Road.
Heavy Traffic,1.331104261,103.8155809,9/2/18,5:45:00 PM,Heavy Traffic on Adam Road (towards Braddell) between Farrer U/P and Farrer F/O.
Heavy Traffic,1.324062144,103.7436998,9/2/18,5:37:00 PM,Heavy Traffic on AYE (towards MCE) at Jurong Town Hall Rd Exit.
Accident,1.314883347,103.8459453,9/2/18,5:26:00 PM,Accident in CTE Tunnel (towards AYE) before Bukit Timah Rd Exit. Avoid lane 4.
Accident,1.282569727,103.876845,9/2/18,5:25:00 PM,Accident on MCE (towards ECP) before ECP (Changi) Exit. Avoid lane 5.
Accident,1.286915076,103.839819,9/2/18,5:20:00 PM,Accident in CTE Tunnel (towards AYE) before Outram Rd Exit.
Heavy Traffic,1.311382214,103.7633552,9/2/18,5:20:00 PM,Heavy Traffic on AYE (towards Tuas) between Normanton Exit and Clementi Ave 6 Exit.
Heavy Traffic,1.390456466,103.7708831,9/2/18,5:07:00 PM,Heavy Traffic on KJE (towards BKE) between Woodlands Rd Exit and BKE Exit.
Heavy Traffic,1.283821371,103.8064027,9/2/18,5:00:00 PM,Heavy Traffic on AYE (towards MCE) between Clementi Rd Entrance and Alexandra.
Heavy Traffic,1.43698501,103.76849,9/2/18,4:58:00 PM,Heavy Traffic on BKE (towards Woodlands) before Woodlands Checkpoint.
Heavy Traffic,1.424038972,103.7925635,9/2/18,4:57:00 PM,Heavy Traffic on SLE (towards CTE) at Woodlands Ave 12 Exit.
Heavy Traffic,1.30150066,103.9104666,9/2/18,4:52:00 PM,Heavy Traffic on ECP (towards Changi Airport) between Tg Katong Rd Exit and Still Rd Sth Exit.
Heavy Traffic,1.344368409,103.8602905,9/2/18,4:23:00 PM,Heavy Traffic on CTE (towards AYE) at Upper Serangoon Rd Exit.
Heavy Traffic,1.421966642,103.7952742,9/2/18,4:18:00 PM,Heavy Traffic on SLE (towards BKE) at Woodlands Ave 12 Exit.
Heavy Traffic,1.320595223,103.8551208,9/2/18,4:09:00 PM,Heavy Traffic on CTE (towards SLE) between Cairnhill Circle Entrance and Moulmein Rd Exit.
Accident,1.298426099,103.7814027,9/2/18,4:06:00 PM,Accident on AYE (towards MCE) before Buona Vista Exit.
Heavy Traffic,1.333780711,103.8145564,9/2/18,3:41:00 PM,Heavy Traffic on PIE (towards Changi Airport) at Lornie Rd Exit.
Heavy Traffic,1.311362389,103.8449171,9/2/18,3:27:00 PM,Heavy Traffic in CTE Tunnel (towards AYE) at Bukit Timah Rd Exit.
Heavy Traffic,1.32474001,103.8718743,9/2/18,3:24:00 PM,Heavy Traffic on PIE (towards Tuas) between Jalan Eunos and KPE Exit.
Heavy Traffic,1.302027915,103.8345301,9/2/18,3:23:00 PM,Heavy Traffic on Orchard Turn (towards Orchard Boulevard) after Orchard Link.
Heavy Traffic,1.307152849,103.8410074,9/2/18,2:54:00 PM,Heavy Traffic in CTE Tunnel (towards AYE) at Cairnhill Circle Exit.
Accident,1.320107393,103.6498292,9/2/18,1:42:00 PM,Accident on Pioneer Road (towards Tuas) after Tuas Road. Avoid left lane.
Accident,1.389283092,103.7515145,9/2/18,12:05:00 PM,Accident on KJE (towards PIE) before Choa Chu Kang Dr Exit. Avoid lane 1.
Accident,1.305130327,103.7694299,9/2/18,11:57:00 AM,Accident on AYE (towards MCE) after Clementi Ave 2 Exit with congestion till Jurong Town Hall Exit. Avoid lane 1.
Accident,1.333398086,103.737681,9/2/18,10:32:00 AM,Accident on Jurong Town Hall Road near Jurong East Central/Jurong Town Hall Road Junction.
Accident,1.322265853,103.8863139,9/2/18,10:29:00 AM,Accident on PIE (towards Tuas) after Paya Lebar Rd with congestion till Paya Lebar Rd. Avoid lane 1.
Accident,1.342770537,103.8797863,9/2/18,10:11:00 AM,Accident on Bartley Road (towards Braddell) after Mount Vernon Road.
Heavy Traffic,1.344867786,103.8992301,9/2/18,10:08:00 AM,Heavy Traffic on KPE (towards ECP) at Airport Road Exit.
Accident,1.371825753,103.9397891,9/2/18,10:01:00 AM,Accident on TPE (towards PIE) before Elias Rd Exit with congestion till Pasir Ris Dr 12 Exit. Avoid lane 1.
Heavy Traffic,1.323323594,103.8577722,9/2/18,9:51:00 AM,Heavy Traffic on CTE (towards AYE) between AMK Ave 5 Exit and PIE(Jurong) Exit.
Heavy Traffic,1.289698422,103.8425364,9/2/18,8:49:00 AM,Heavy Traffic in CTE Tunnel (towards AYE) at Havelock Road Exit.
Heavy Traffic,1.286283834,103.797287,9/2/18,8:35:00 AM,Heavy Traffic on AYE (towards Tuas) between Lower Delta Rd Exit and Normanton Exit.
Heavy Traffic,1.328943197,103.8663397,9/2/18,8:33:00 AM,Heavy Traffic on PIE (towards Changi Airport) between Thomson Rd and Kallang Way.
Heavy Traffic,1.348033534,103.8587942,9/2/18,8:15:00 AM,Heavy Traffic on CTE (towards AYE) between Yio Chu Kang Rd Exit and PIE(Changi) Exit.
Heavy Traffic,1.401316357,103.8840776,9/2/18,8:11:00 AM,Heavy Traffic on TPE (towards SLE) between Punggol Rd Exit and Jalan Kayu Exit.
Heavy Traffic,1.323979847,103.7441904,9/2/18,8:06:00 AM,Heavy Traffic on AYE (towards MCE) at Jurong Town Hall Rd Exit.
Heavy Traffic,1.377680883,103.9267942,9/2/18,8:03:00 AM,Heavy Traffic on TPE (towards PIE) between Sengkang Exit and Pasir Ris Dr 12 Exit.
Heavy Traffic,1.4153975,103.8048585,9/2/18,7:48:00 AM,Heavy Traffic on SLE (towards CTE) between Woodlands Ave 2 Exit and Mandai Ave Exit.
Heavy Traffic,1.332076095,103.7678804,9/2/18,7:39:00 AM,Heavy Traffic on PIE (towards Tuas) at Clementi Ave 6 Exit.
Heavy Traffic,1.313334838,103.8043028,9/2/18,7:30:00 AM,Heavy Traffic on Farrer Road (towards Queensway) between PIE and Farrer Flyover.
Heavy Traffic,1.345669495,103.8598888,9/2/18,7:18:00 AM,Heavy Traffic on CTE (towards AYE) at Braddell Rd Exit.
Heavy Traffic,1.32789293,103.8248685,9/2/18,7:17:00 AM,Heavy Traffic on PIE (towards Changi Airport) between Eng Neo Ave and Lornie Rd.
Heavy Traffic,1.333894739,103.8140373,9/2/18,7:07:00 AM,Heavy Traffic on PIE (towards Changi Airport) at Lornie Rd Exit.
Heavy Traffic,1.326084664,103.6658504,9/2/18,7:05:00 AM,Heavy Traffic on PIE (towards Tuas) at AYE Exit.
Heavy Traffic,1.317968067,103.8350713,9/2/18,7:01:00 AM,Heavy Traffic on Dunearn Road (towards City) after Wayang Satu Flyover.
Heavy Traffic,1.423461851,103.7739035,9/2/18,7:01:00 AM,Heavy Traffic on SLE (towards BKE) before BKE Exit.
Accident,1.401157145,103.8868359,9/2/18,6:59:00 AM,Accident on TPE (towards SLE) after Punggol Rd Exit. Avoid lane 1.
Heavy Traffic,1.397496373,103.7738928,9/2/18,6:56:00 AM,Heavy Traffic on BKE (towards PIE) before KJE Exit.
Heavy Traffic,1.328465492,103.8045226,9/2/18,6:53:00 AM,Heavy Traffic on Dunearn Road (towards City) after Eng Neo Avenue.
Accident,1.324409904,103.8979771,8/2/18,8:51:00 PM,Accident on PIE (towards Changi Airport) after Paya Lebar with congestion till Kallang Way. Avoid lane 1.
Heavy Traffic,1.380608554,103.9160407,8/2/18,6:13:00 PM,Heavy Traffic on KPE (towards TPE) at TPE(SLE) Exit.
Heavy Traffic,1.317194835,103.8351925,8/2/18,6:02:00 PM,Heavy Traffic on Bukit Timah Road (towards Woodlands) after Balmoral Road.
Heavy Traffic,1.335661111,103.8185226,8/2/18,5:58:00 PM,Heavy Traffic on Adam Road (towards Braddell) between Bt Timah Road and PIE.
Heavy Traffic,1.285621321,103.7983687,8/2/18,5:50:00 PM,Heavy Traffic on AYE (towards MCE) between Clementi Ave 2 Exit and Alexandra Rd Exit.
Heavy Traffic,1.382309735,103.9175245,8/2/18,5:48:00 PM,Heavy Traffic on TPE (towards SLE) after Tampines Rd Exit.
Heavy Traffic,1.358676057,103.9617801,8/2/18,5:44:00 PM,Heavy Traffic on TPE (towards SLE) at Tampines Ave 7 Exit.
Heavy Traffic,1.338452593,103.9432728,8/2/18,5:39:00 PM,Heavy Traffic on PIE (towards Changi Airport) before Simei Ave.
Heavy Traffic,1.390499042,103.7698451,8/2/18,5:33:00 PM,Heavy Traffic on KJE (towards BKE) between Woodlands Rd Exit and BKE Exit.
Heavy Traffic,1.363374976,103.8591708,8/2/18,5:29:00 PM,Heavy Traffic on CTE (towards SLE) between Braddell Rd Exit and AMK Ave 3 Exit.
Heavy Traffic,1.344414441,103.8602795,8/2/18,5:28:00 PM,Heavy Traffic on CTE (towards AYE) at Upper Serangoon Rd Exit.
Heavy Traffic,1.436767147,103.7684349,8/2/18,4:54:00 PM,Heavy Traffic on BKE (towards Woodlands) at Woodlands Rd Exit.
Heavy Traffic,1.328801846,103.8669088,8/2/18,3:52:00 PM,Heavy Traffic on PIE (towards Changi Airport) between Toa Payoh Lor 1 and Kallang Way.
Accident,1.334910885,103.8111659,8/2/18,10:26:00 AM,Accident on PIE (towards Changi Airport) before Lornie Rd.
Heavy Traffic,1.437588496,103.7683264,8/2/18,9:56:00 AM,Heavy Traffic on BKE (towards Woodlands) at Woodlands Rd Exit.
Heavy Traffic,1.306869069,103.8408259,8/2/18,9:48:00 AM,Heavy Traffic in CTE Tunnel (towards AYE) at Cairnhill Circle Exit.
Accident,1.347464948,103.8590884,8/2/18,9:20:00 AM,Accident on CTE (towards AYE) before PIE(Changi) Exit with congestion till Yio Chu Kang Rd Exit. Avoid lane 4.
Accident,1.404680569,103.8103121,8/2/18,9:14:00 AM,Accident on SLE (towards BKE) after Upper Thomson Rd Exit with congestion till Upper Thomson Rd Exit.
Heavy Traffic,1.317980647,103.8350144,8/2/18,8:53:00 AM,Heavy Traffic on Dunearn Road (towards City) between Kheam Hock Road and Wayang Satu Flyover.
Heavy Traffic,1.290142835,103.8427799,8/2/18,8:42:00 AM,Heavy Traffic in CTE Tunnel (towards AYE) at Havelock Road Exit.
Heavy Traffic,1.308512929,103.7659938,8/2/18,8:39:00 AM,Heavy Traffic on AYE (towards MCE) between Jurong Town Hall Entrance and Clementi Ave 2 Exit.
Heavy Traffic,1.333248324,103.7710591,8/2/18,8:31:00 AM,Heavy Traffic on PIE (towards Tuas) between BKE and Clementi Ave 6 Exit.
Heavy Traffic,1.342297392,103.947408,8/2/18,8:23:00 AM,Heavy Traffic on PIE (towards Changi Airport) at Simei Ave Exit.
Heavy Traffic,1.39060327,103.7718784,8/2/18,8:08:00 AM,Heavy Traffic on KJE (towards BKE) at BKE(Woodlands) Exit.
Heavy Traffic,1.332164551,103.7652531,8/2/18,8:06:00 AM,Heavy Traffic on PIE (towards Tuas) at Clementi Ave 6 Exit.
Heavy Traffic,1.344131114,103.8774971,8/2/18,8:04:00 AM,Heavy Traffic on Bartley Road (towards Braddell) between Upper Paya Lebar Road and Mount Vernon Road.
Heavy Traffic,1.28724119,103.7957432,8/2/18,8:03:00 AM,Heavy Traffic on AYE (towards Tuas) between Lower Delta Rd Exit and Normanton Exit.
Heavy Traffic,1.295778297,103.8858859,8/2/18,8:00:00 AM,Heavy Traffic on ECP (towards City) between Still Rd Sth Exit and Fort Rd Exit.
Heavy Traffic,1.401172188,103.7736529,8/2/18,7:59:00 AM,Heavy Traffic on BKE (towards PIE) between SLE Exit and Mandai Rd Exit.
Heavy Traffic,1.295902508,103.7995594,8/2/18,7:58:00 AM,Heavy Traffic on Queensway (towards AYE) between Bishan Flyover and Commonwealth Avenue.
Heavy Traffic,1.344754564,103.860285,8/2/18,7:55:00 AM,Heavy Traffic on CTE (towards AYE) at Braddell Rd Exit.
Heavy Traffic,1.329380664,103.8650425,8/2/18,7:52:00 AM,Heavy Traffic on PIE (towards Changi Airport) between Toa Payoh Lor 1 and Kallang Way.
Heavy Traffic,1.36636264,103.9501011,8/2/18,7:49:00 AM,Heavy Traffic on TPE (towards PIE) between Sengkang Exit and Pasir Ris Dr 8 Exit.
Heavy Traffic,1.326703944,103.8279738,8/2/18,7:49:00 AM,Heavy Traffic on PIE (towards Changi Airport) between Eng Neo Ave and Stevens Rd Exit.
Heavy Traffic,1.358629169,103.8575769,8/2/18,7:46:00 AM,Heavy Traffic on CTE (towards AYE) between Yio Chu Kang Rd Exit and AMK Ave 1 Exit.
Heavy Traffic,1.348912245,103.8374215,8/2/18,7:42:00 AM,Heavy Traffic on Upper Thomson Road (towards Newton) between Yio Chu Kang Road and Jln Todak.
Accident,1.389170392,103.7453009,8/2/18,7:17:00 AM,Accident on KJE (towards PIE) after Choa Chu Kang Dr Exit with congestion till BKE Entrance. Avoid lane 1.
Heavy Traffic,1.346831085,103.8593365,8/2/18,7:04:00 AM,Heavy Traffic on CTE (towards AYE) at Braddell Rd Exit.
Heavy Traffic,1.333860651,103.8137903,8/2/18,7:01:00 AM,Heavy Traffic on PIE (towards Changi Airport) at Lornie Rd Exit.
Accident,1.388872545,103.7573758,8/2/18,6:57:00 AM,Accident on KJE (towards BKE) after Woodlands Rd Exit.
Heavy Traffic,1.351541033,103.8575541,8/2/18,6:53:00 AM,Heavy Traffic on CTE (towards AYE) between AMK Ave 5 Exit and Braddell Rd/Lor Chuan Exit.
Accident,1.356638215,103.6992989,8/2/18,6:43:00 AM,Accident on PIE (towards Tuas) before Jalan Bahar with congestion till KJE. Avoid lane 4.
Accident,1.405368584,103.7727674,8/2/18,6:23:00 AM,Accident on BKE (towards PIE) after Mandai Rd Exit with congestion till Mandai Rd Exit.
Accident,1.326781188,103.8700826,8/2/18,12:50:00 AM,Accident on PIE (towards Tuas) at CTE(CITY) Exit.
Accident,1.282907456,103.8242556,7/2/18,6:46:00 PM,Accident on Lower Delta Road (towards Tiong Bahru Road) after Jalan Bukit Merah. Avoid left lane.
Heavy Traffic,1.321615626,103.8562164,7/2/18,9:49:00 PM,Heavy Traffic on CTE (towards SLE) between Cairnhill Circle Entrance and Moulmein Rd Exit.
Heavy Traffic,1.363662046,103.859329,7/2/18,6:54:00 PM,Heavy Traffic on CTE (towards SLE) between Braddell Rd Exit and AMK Ave 3 Exit.
Heavy Traffic,1.423790916,103.7931743,7/2/18,6:49:00 PM,Heavy Traffic on SLE (towards CTE) at Woodlands Ave 12 Exit.
Accident,1.282907456,103.8242556,7/2/18,6:46:00 PM,Accident on Lower Delta Road (towards Tiong Bahru Road) after Jalan Bukit Merah.
Accident,1.40080697,103.8905064,7/2/18,6:43:00 PM,Accident on TPE (towards PIE) before Sengkang Exit.
Heavy Traffic,1.380937158,103.916191,7/2/18,6:24:00 PM,Heavy Traffic on KPE (towards TPE) at TPE(SLE) Exit.
Heavy Traffic,1.343268042,103.8610259,7/2/18,6:18:00 PM,Heavy Traffic on Braddell Road (towards Lornie) between Upper Serangoon Road and Woodleigh U/P.
Heavy Traffic,1.300677777,103.9075231,7/2/18,6:17:00 PM,Heavy Traffic on ECP (towards Changi Airport) between Fort Rd Exit and Still Rd Sth Exit.
Heavy Traffic,1.306226229,103.8714197,7/2/18,6:13:00 PM,Heavy Traffic on Nicoll Highway (towards Guillemard) between Java Road and Stadium Road.
Heavy Traffic,1.33388319,103.8140619,7/2/18,5:59:00 PM,Heavy Traffic on PIE (towards Changi Airport) at Lornie Rd Exit.
Heavy Traffic,1.31058975,103.7640947,7/2/18,5:56:00 PM,Heavy Traffic on AYE (towards Tuas) between Clementi Rd Exit and Clementi Ave 6 Exit.
Heavy Traffic,1.324713232,103.871867,7/2/18,5:51:00 PM,Heavy Traffic on PIE (towards Tuas) between Jalan Eunos and KPE Exit.
Heavy Traffic,1.420902256,103.7978127,7/2/18,5:30:00 PM,Heavy Traffic on SLE (towards BKE) at Woodlands Ave 12 Exit.
Heavy Traffic,1.330978454,103.8154775,7/2/18,5:26:00 PM,Heavy Traffic on Adam Road (towards Braddell) between Empress Road and Farrer F/O.
Heavy Traffic,1.436871401,103.7683967,7/2/18,5:21:00 PM,Heavy Traffic on BKE (towards Woodlands) at Woodlands Rd Exit.
Heavy Traffic,1.311034638,103.8448688,7/2/18,12:45:00 PM,Heavy Traffic in CTE Tunnel (towards AYE) at Bukit Timah Rd Exit.
Accident,1.34480022,103.9378796,7/2/18,11:51:00 AM,Accident on Tampines Avenue 1 (towards Tampines Avenue 4) after Tampines Avenue 8.
Accident,1.343327094,103.851946,7/2/18,11:24:00 AM,Accident on Braddell Road (towards Bishan Road) after Lorong 6 Toa Payoh. Avoid left lane.
Heavy Traffic,1.30706792,103.8409411,7/2/18,10:16:00 AM,Heavy Traffic in CTE Tunnel (towards AYE) at Cairnhill Circle Exit.
Heavy Traffic,1.436743554,103.7684955,7/2/18,9:34:00 AM,Heavy Traffic on BKE (towards Woodlands) before Woodlands Checkpoint.
Heavy Traffic,1.285108241,103.8375999,7/2/18,9:25:00 AM,Heavy Traffic in CTE Tunnel (towards AYE) at Outram Rd Exit.
Heavy Traffic,1.326216217,103.6659267,7/2/18,9:24:00 AM,Heavy Traffic on PIE (towards Tuas) at AYE Exit.
Heavy Traffic,1.28578592,103.7980743,7/2/18,9:14:00 AM,Heavy Traffic on AYE (towards Tuas) between Lower Delta Rd Exit and Alexandra Rd Entrance.
Accident,1.301753051,103.9113061,7/2/18,9:00:00 AM,Accident on ECP (towards Changi Airport) after Still Rd Sth Exit with congestion till Tg Katong Rd Exit.
Heavy Traffic,1.290931431,103.8431562,7/2/18,8:49:00 AM,Heavy Traffic in CTE Tunnel (towards AYE) at Havelock Road Exit.
Heavy Traffic,1.34648704,103.6913399,7/2/18,8:35:00 AM,Heavy Traffic on PIE (towards Tuas) at Pioneer Rd North Exit.
Heavy Traffic,1.331345092,103.8180819,7/2/18,8:33:00 AM,Heavy Traffic on PIE (towards Tuas) at Adam Rd Exit.
Heavy Traffic,1.353904257,103.9640754,7/2/18,8:30:00 AM,Heavy Traffic on TPE (towards PIE) at Upper Changi Rd North Exit.
Heavy Traffic,1.329090733,103.8658237,7/2/18,8:30:00 AM,Heavy Traffic on PIE (towards Changi Airport) between Onraet Rd and Kallang Way.
Heavy Traffic,1.284591587,103.837292,7/2/18,8:25:00 AM,Heavy Traffic in CTE Tunnel (towards AYE) at Outram Rd Exit.
Heavy Traffic,1.323338326,103.8578082,7/2/18,8:24:00 AM,Heavy Traffic on CTE (towards AYE) between PIE(Changi) Exit and PIE(Jurong) Exit.
Heavy Traffic,1.391536081,103.8581587,7/2/18,8:02:00 AM,Heavy Traffic on SLE (towards CTE) after TPE Exit.
Heavy Traffic,1.353303109,103.8343276,7/2/18,7:49:00 AM,Heavy Traffic on Upper Thomson Road (towards Newton) between Yio Chu Kang Road and Bright Hill Drive.
Heavy Traffic,1.358639768,103.8575653,7/2/18,7:40:00 AM,Heavy Traffic on CTE (towards AYE) between Yio Chu Kang Rd Exit and AMK Ave 1 Exit.
Heavy Traffic,1.306131192,103.8018853,7/2/18,7:31:00 AM,Heavy Traffic on Queensway (towards AYE) between Bishan Flyover and Holland Road.
Heavy Traffic,1.324715685,103.8101097,7/2/18,7:28:00 AM,Heavy Traffic on Dunearn Road (towards City) between Swiss Club Road and Hillcrest Road.
Heavy Traffic,1.380271018,103.7759492,7/2/18,7:25:00 AM,Heavy Traffic on BKE (towards PIE) between SLE Exit and KJE Exit.
Heavy Traffic,1.365613765,103.9531896,7/2/18,7:24:00 AM,Heavy Traffic on TPE (towards PIE) between Pasir Ris Dr 12 Exit and Pasir Ris Dr 8 Exit.
Heavy Traffic,1.421106082,103.7972814,7/2/18,7:20:00 AM,Heavy Traffic on SLE (towards BKE) at Woodlands Ave 12 Exit.
Heavy Traffic,1.361699022,103.9604393,7/2/18,7:17:00 AM,Heavy Traffic on TPE (towards PIE) at Loyang Ave Exit.
Heavy Traffic,1.358922957,103.9616112,7/2/18,7:14:00 AM,Heavy Traffic on TPE (towards SLE) at Tampines Ave 7 Exit.
Heavy Traffic,1.357301483,103.8573814,7/2/18,7:11:00 AM,Heavy Traffic on CTE (towards AYE) at Ang Mo Kio Ave 1 Exit.
Heavy Traffic,1.333869344,103.8140329,7/2/18,7:03:00 AM,Heavy Traffic on PIE (towards Changi Airport) at Lornie Rd Exit.
Accident,1.287506631,103.8776013,7/2/18,6:50:00 AM,Accident on MCE (towards AYE) after ECP (City) Entrance. Avoid lane 1.
Accident,1.324703202,103.8718916,6/2/18,9:10:00 PM,Accident on PIE (towards Tuas) after KPE Exit with congestion till Paya Lebar Rd. Avoid lane 2.
Heavy Traffic,1.317134505,103.8352689,6/2/18,7:14:00 PM,Heavy Traffic on Bukit Timah Road (towards Woodlands) between Cavenagh Road and Balmoral Road.
Heavy Traffic,1.434047364,103.7882148,6/2/18,7:06:00 PM,Heavy Traffic on Woodlands Avenue 2 (towards Woodlands Avenue 5) after Woodlands Avenue 1.
Heavy Traffic,1.268797113,103.8282598,6/2/18,6:42:00 PM,Heavy Traffic on West Coast Highway (towards City) at W Coast Hwy Flyover.
Heavy Traffic,1.284948982,103.8375313,6/2/18,6:38:00 PM,Heavy Traffic in CTE Tunnel (towards AYE) at Outram Rd Exit.
Heavy Traffic,1.426532265,103.7821602,6/2/18,6:30:00 PM,Heavy Traffic on SLE (towards CTE) before Woodlands Ave 2 Exit.
Heavy Traffic,1.337400179,103.7790631,6/2/18,6:14:00 PM,Heavy Traffic on Bukit Timah Road (towards Woodlands) after Holland Link.
Heavy Traffic,1.324595095,103.8988265,6/2/18,6:08:00 PM,Heavy Traffic on PIE (towards Changi Airport) between Paya Lebar Rd and Paya Lebar.
Heavy Traffic,1.335618507,103.8184988,6/2/18,6:06:00 PM,Heavy Traffic on Adam Road (towards Braddell) between Farrer U/P and PIE.
Heavy Traffic,1.32652372,103.8704115,6/2/18,5:45:00 PM,Heavy Traffic on PIE (towards Tuas) between Paya Lebar Rd and KPE Exit.
Heavy Traffic,1.333736869,103.8147091,6/2/18,5:39:00 PM,Heavy Traffic on PIE (towards Changi Airport) at Lornie Rd Exit.
Heavy Traffic,1.361309605,103.8584351,6/2/18,5:39:00 PM,Heavy Traffic on CTE (towards SLE) between Braddell Rd Exit and AMK Ave 3 Exit.
Heavy Traffic,1.286310351,103.7973292,6/2/18,5:38:00 PM,Heavy Traffic on AYE (towards MCE) between Buona Vista Exit and Alexandra Rd Exit.
Heavy Traffic,1.331779873,103.7960267,6/2/18,5:33:00 PM,Heavy Traffic on Dunearn Road (towards City) between Jalan Anak Bukit and Swiss Club Road.
Accident,1.366217477,103.7799037,6/2/18,5:25:00 PM,Accident on BKE (towards PIE) at Dairy Farm Rd Exit. Dairy Farm Rd Exit closed.
Heavy Traffic,1.326732169,103.8281124,6/2/18,5:17:00 PM,Heavy Traffic on PIE (towards Changi Airport) between Eng Neo Ave and Stevens Rd Exit.
Heavy Traffic,1.309807677,103.7648815,6/2/18,5:09:00 PM,Heavy Traffic on AYE (towards MCE) between Jurong Town Hall Exit and Clementi Ave 2 Exit.
Heavy Traffic,1.436728712,103.7684349,6/2/18,4:50:00 PM,Heavy Traffic on BKE (towards Woodlands) at Woodlands Rd Exit.
Heavy Traffic,1.332202068,103.862547,6/2/18,4:40:00 PM,Heavy Traffic on CTE (towards AYE) at PIE(Changi) Exit.
Heavy Traffic,1.323449743,103.857854,6/2/18,4:38:00 PM,Heavy Traffic on CTE (towards SLE) between Cairnhill Circle Entrance and Jalan Bahagia Exit.
Accident,1.322376451,103.8190287,6/2/18,12:37:00 PM,Accident on Bukit Timah Road (towards Woodlands) after Kheam Hock Road. Avoid left lane.
Accident,1.277397356,103.8405918,6/2/18,10:18:00 AM,Accident on Cantonment Road (towards Neil Road) after Everton Park. Avoid right lane.
Heavy Traffic,1.317683853,103.8496523,6/2/18,9:54:00 AM,Heavy Traffic on CTE (towards AYE) between PIE(Changi) Exit and Moulmein Rd Exit.
Heavy Traffic,1.3242951,103.8110048,6/2/18,9:22:00 AM,Heavy Traffic on Dunearn Road (towards City) after Hillcrest Road.
Accident,1.369248145,103.8563257,6/2/18,9:04:00 AM,Accident on Ang Mo Kio Avenue 3 (towards Ang Mo Kio Avenue 10) after Ang Mo Kio Street 43.
Heavy Traffic,1.288657952,103.8418896,6/2/18,8:59:00 AM,Heavy Traffic in CTE Tunnel (towards AYE) at Havelock Road Exit.
Heavy Traffic,1.303736601,103.7722651,6/2/18,8:57:00 AM,Heavy Traffic on AYE (towards MCE) between Yuan Ching Exit and Clementi Ave 2 Exit.
Accident,1.416382259,103.8038574,6/2/18,8:49:00 AM,Accident on SLE (towards CTE) before Mandai Ave Exit with congestion till BKE Entrance. Avoid lane 1.
Accident,1.279353909,103.8593196,6/2/18,8:42:00 AM,Accident on Sheares Avenue (towards Marina Boulevard) after Sheares Link.
Heavy Traffic,1.329517322,103.8580161,6/2/18,8:31:00 AM,Heavy Traffic on PIE (towards Changi Airport) between Onraet Rd and Kim Keat Link.
Heavy Traffic,1.357853335,103.9623873,6/2/18,8:25:00 AM,Heavy Traffic on TPE (towards SLE) at Tampines Ave 7 Exit.
Heavy Traffic,1.33346817,103.771575,6/2/18,8:21:00 AM,Heavy Traffic on PIE (towards Tuas) between Eng Neo Ave and Clementi Ave 6 Exit.
Heavy Traffic,1.332711666,103.8694567,6/2/18,8:19:00 AM,Heavy Traffic on Upper Serangoon Road (towards City) between Bartley Rd and Upper Aljunied Road.
Accident,1.395268899,103.8377153,6/2/18,8:14:00 AM,Accident on SLE (towards BKE) before Lentor Ave Exit. Avoid lane 2.
Heavy Traffic,1.331016661,103.7953492,6/2/18,8:13:00 AM,Heavy Traffic on Sixth Avenue (towards Fifth Avenue) after Bukit Timah Road.
Heavy Traffic,1.356498166,103.9630632,6/2/18,8:13:00 AM,Heavy Traffic on TPE (towards PIE) between Pasir Ris Dr 8 Exit and PIE Exit.
Accident,1.379728752,103.7341561,6/2/18,8:07:00 AM,Accident on KJE (towards PIE) at Sungei Tengah Rd Exit.
Accident,1.305145619,103.7694047,6/2/18,8:06:00 AM,Accident on AYE (towards MCE) after Clementi Ave 2 Exit with congestion till Jurong Town Hall Exit. Avoid lane 2.
Accident,1.420386712,103.7988662,6/2/18,8:03:00 AM,Accident on SLE (towards CTE) before Mandai Ave Exit. Avoid lane 4.
Heavy Traffic,1.295724705,103.8840968,6/2/18,8:01:00 AM,Heavy Traffic on ECP (towards City) between Still Rd Sth Exit and Fort Rd Exit.
Heavy Traffic,1.29565456,103.8574722,6/2/18,8:00:00 AM,Heavy Traffic on Nicoll Highway (towards Shenton Way) after Republic Avenue.
Heavy Traffic,1.340477774,103.8313155,6/2/18,7:57:00 AM,Heavy Traffic on Lornie Road (towards Macritchie Viaduct) after Andrew Road.
Heavy Traffic,1.360735516,103.858323,6/2/18,7:57:00 AM,Heavy Traffic on CTE (towards AYE) between Yio Chu Kang Rd Exit and AMK Ave 1 Exit.
Heavy Traffic,1.380241356,103.7346333,6/2/18,7:54:00 AM,Heavy Traffic on KJE (towards PIE) at Sungei Tengah Rd Exit.
Heavy Traffic,1.377823234,103.9262436,6/2/18,7:49:00 AM,Heavy Traffic on TPE (towards PIE) between Sengkang Exit and Pasir Ris Dr 12 Exit.
Heavy Traffic,1.304045813,103.8015908,6/2/18,7:40:00 AM,Heavy Traffic on Queensway (towards AYE) between Bishan Road and Holland Road.
Heavy Traffic,1.279554237,103.8190206,6/2/18,7:40:00 AM,Heavy Traffic on AYE (towards Tuas) after Lower Delta Rd Exit.
Heavy Traffic,1.317658611,103.8353281,6/2/18,7:31:00 AM,Heavy Traffic on Dunearn Road (towards City) between Whitley Road and Wayang Satu Flyover.
Heavy Traffic,1.324552902,103.8103943,6/2/18,7:29:00 AM,Heavy Traffic on Dunearn Road (towards City) between Jalan Anak Bukit and Hillcrest Road.
Heavy Traffic,1.421913937,103.7953606,6/2/18,7:23:00 AM,Heavy Traffic on SLE (towards BKE) at Woodlands Ave 12 Exit.
Heavy Traffic,1.423877993,103.7929457,6/2/18,7:23:00 AM,Heavy Traffic on SLE (towards CTE) at Woodlands Ave 12 Exit.
Heavy Traffic,1.324393102,103.8720487,6/2/18,7:14:00 AM,Heavy Traffic on PIE (towards Tuas) between Bedok North Avenue 3 exit and KPE Exit.
Heavy Traffic,1.333764243,103.8145401,6/2/18,7:06:00 AM,Heavy Traffic on PIE (towards Changi Airport) at Lornie Rd Exit.
Heavy Traffic,1.345988918,103.8597508,6/2/18,7:02:00 AM,Heavy Traffic on CTE (towards AYE) at Braddell Rd Exit.
Accident,1.404733555,103.8102483,6/2/18,3:02:00 AM,Accident on SLE (towards BKE) after Upper Thomson Rd Exit.
Accident,1.395989673,103.8150879,6/2/18,12:17:00 AM,Accident on SLE (towards BKE) after Upper Thomson Rd Exit. Avoid lane 1.